sample_id,curated_split
0,validation
1,train
2,train
3,validation
4,train
5,train
6,train
7,validation
8,train
9,train
10,train
11,validation
12,train
13,test
14,train
15,train
16,train
17,train
18,train
19,validation
20,train
21,validation
22,train
23,train
24,train
25,train
26,train
27,train
28,train
29,train
30,train
31,train
32,test
33,train
34,train
35,train
36,train
37,train
38,train
39,train
40,train
41,train
42,train
43,train
44,train
45,train
46,test
47,train
48,test
49,train
50,train
51,test
52,train
53,train
54,test
55,validation
56,train
57,test
58,train
59,validation
60,validation
61,test
62,validation
63,train
64,train
65,test
66,train
67,test
68,train
69,validation
70,validation
71,test
72,validation
73,test
74,train
75,train
76,train
77,validation
78,train
79,train
80,validation
81,test
82,train
83,train
84,train
85,train
86,train
87,validation
88,test
89,train
90,train
91,train
92,train
93,test
94,train
95,train
96,validation
97,train
98,train
99,validation
100,validation
101,train
102,train
103,test
104,train
105,train
106,train
107,train
108,validation
109,train
110,train
111,validation
112,test
113,train
114,validation
115,train
116,train
117,validation
118,train
119,train
120,train
121,train
122,train
123,validation
124,train
125,train
126,train
127,train
128,validation
129,train
130,train
131,validation
132,train
133,train
134,train
135,validation
136,train
137,train
138,train
139,train
140,train
141,test
142,test
143,validation
144,train
145,train
146,test
147,train
148,train
149,train
150,train
151,train
152,train
153,train
154,train
155,train
156,test
157,train
158,train
159,train
160,train
161,test
162,train
163,test
164,train
165,validation
166,test
167,test
168,train
169,validation
170,train
171,train
172,train
173,train
174,train
175,test
176,train
177,train
178,test
179,train
180,train
181,train
182,validation
183,train
184,train
185,train
186,train
187,validation
188,train
189,test
190,train
191,test
192,train
193,train
194,validation
195,train
196,test
197,train
198,test
199,train
200,train
201,train
202,train
203,validation
204,train
205,validation
206,train
207,train
208,train
209,test
210,train
211,train
212,train
213,train
214,test
215,train
216,test
217,test
218,train
219,validation
220,train
221,train
222,train
223,train
224,test
225,validation
226,train
227,train
228,test
229,train
230,validation
231,train
232,train
233,test
234,test
235,validation
236,train
237,train
238,test
239,train
240,train
241,train
242,train
243,validation
244,train
245,validation
246,validation
247,train
248,validation
249,train
250,test
251,train
252,test
253,validation
254,validation
255,test
256,train
257,test
258,train
259,train
260,train
261,train
262,train
263,train
264,train
265,train
266,train
267,train
268,train
269,test
270,train
271,test
272,train
273,test
274,test
275,train
276,test
277,train
278,train
279,train
280,train
281,train
282,train
283,train
284,test
285,test
286,train
287,train
288,train
289,train
290,train
291,train
292,train
293,train
294,train
295,train
296,test
297,train
298,train
299,train
300,validation
301,train
302,train
303,train
304,train
305,validation
306,train
307,train
308,train
309,train
310,train
311,train
312,train
313,train
314,validation
315,train
316,train
317,train
318,test
319,validation
320,train
321,train
322,test
323,test
324,train
325,train
326,test
327,train
328,train
329,train
330,train
331,validation
332,test
333,train
334,train
335,train
336,train
337,train
338,validation
339,train
340,train
341,train
342,train
343,train
344,train
345,train
346,validation
347,validation
348,validation
349,train
350,train
351,train
352,train
353,train
354,train
355,train
356,train
357,train
358,train
359,train
360,train
361,train
362,validation
363,test
364,train
365,train
366,train
367,train
368,train
369,train
370,test
371,validation
372,train
373,test
374,train
375,train
376,train
377,train
378,train
379,test
380,train
381,train
382,validation
383,train
384,train
385,train
386,train
387,train
388,test
389,test
390,test
391,train
392,train
393,train
394,test
395,train
396,train
397,train
398,train
399,train
400,train
401,train
402,train
403,train
404,train
405,test
406,train
407,test
408,test
409,train
410,test
411,train
412,validation
413,train
414,train
415,train
416,validation
417,train
418,train
419,train
420,validation
421,train
422,train
423,train
424,train
425,train
426,train
427,train
428,train
429,train
430,train
431,train
432,test
433,validation
434,train
435,train
436,train
437,train
438,test
439,train
440,test
441,validation
442,train
443,train
444,train
445,validation
446,train
447,test
448,validation
449,train
450,train
451,test
452,train
453,validation
454,train
455,train
456,train
457,test
458,train
459,validation
460,train
461,train
462,validation
463,train
464,test
465,train
466,train
467,train
468,train
469,test
470,train
471,train
472,train
473,test
474,train
475,train
476,test
477,train
478,validation
479,test
480,train
481,train
482,train
483,train
484,validation
485,train
486,validation
487,train
488,train
489,train
490,train
491,train
492,train
493,train
494,train
495,train
496,train
497,validation
498,train
499,train
500,validation
501,test
502,train
503,train
504,train
505,test
506,train
507,train
508,train
509,train
510,train
511,test
512,validation
513,train
514,train
515,train
516,train
517,train
518,train
519,validation
520,train
521,test
522,train
523,train
524,train
525,train
526,validation
527,train
528,train
529,validation
530,train
531,train
532,train
533,train
534,train
535,train
536,train
537,train
538,train
539,train
540,validation
541,test
542,train
543,validation
544,train
545,validation
546,test
547,train
548,train
549,validation
550,train
551,test
552,validation
553,train
554,train
555,train
556,train
557,train
558,train
559,train
560,train
561,train
562,validation
563,test
564,train
565,train
566,test
567,validation
568,train
569,test
570,test
571,train
572,train
573,train
574,test
575,train
576,train
577,train
578,train
579,train
580,test
581,train
582,train
583,train
584,validation
585,train
586,train
587,train
588,train
589,train
590,validation
591,test
592,train
593,train
594,train
595,train
596,train
597,test
598,test
599,train
600,test
601,train
602,validation
603,train
604,train
605,train
606,train
607,train
608,train
609,train
610,test
611,train
612,train
613,validation
614,train
615,train
616,train
617,train
618,train
619,train
620,train
621,validation
622,train
623,test
624,train
625,train
626,train
627,train
628,train
629,train
630,train
631,train
632,train
633,test
634,train
635,train
636,train
637,train
638,train
639,train
641,train
642,test
643,test
644,train
645,train
646,validation
647,train
648,train
649,train
650,test
651,train
652,train
653,train
654,validation
655,test
656,validation
657,train
658,test
659,train
660,train
661,validation
662,train
663,test
664,train
665,validation
666,train
667,train
669,validation
670,train
671,test
672,train
673,train
674,validation
675,validation
676,train
677,test
678,train
679,train
680,train
681,train
682,train
683,train
684,train
685,validation
686,test
687,validation
688,train
689,test
690,train
691,train
692,train
693,train
694,train
695,train
696,test
697,train
698,validation
699,test
700,train
701,test
702,train
703,train
704,test
705,train
706,validation
707,train
708,train
709,train
710,train
711,train
712,train
713,train
714,train
715,train
716,train
717,train
718,test
719,train
720,train
721,test
722,train
723,train
724,validation
725,train
726,train
727,train
728,train
729,train
730,validation
731,train
732,train
733,train
734,train
735,test
736,validation
737,train
738,validation
739,validation
740,validation
741,train
742,train
754,train
756,train
757,train
760,train
765,validation
787,validation
797,validation
809,validation
818,train
824,test
827,train
834,train
835,validation
839,train
851,validation
860,train
863,test
864,test
871,train
874,train
875,test
878,train
880,train
883,train
885,train
886,train
893,train
894,train
895,train
898,train
920,validation
923,train
932,train
945,train
955,validation
956,validation
963,train
965,train
968,train
969,train
974,train
980,train
984,train
986,train
992,train
997,train
998,train
1002,train
1004,train
1007,train
1008,train
1010,train
1017,test
1019,train
1046,train
1048,train
1060,train
1061,train
1063,train
1064,train
