sample_id,primary_declared_filename,secondary_declared_filename,filename_identity_agreement,primary_object_count,secondary_object_count,object_count_agreement,class_multiset_agreement,matched_same_class_boxes,unmatched_primary,unmatched_secondary,mean_matched_iou,minimum_matched_iou,exact_annotation_signature,agreement_category
0,0.jpg,0.jpg,True,1,1,True,True,1,0,0,1.0,1.0,True,strong_agreement
1,1.jpg,1.jpg,True,1,1,True,True,1,0,0,0.936547139328889,0.936547139328889,False,strong_agreement
2,2.jpg,2.jpg,True,1,1,True,True,1,0,0,1.0,1.0,True,strong_agreement
3,3.jpg,3.jpg,True,1,1,True,True,1,0,0,1.0,1.0,True,strong_agreement
4,4.jpg,4.jpg,True,1,1,True,True,1,0,0,1.0,1.0,True,strong_agreement
5,5.jpg,5.jpg,True,3,3,True,True,3,0,0,1.0,1.0,True,strong_agreement
6,6.jpg,6.jpg,True,1,1,True,True,1,0,0,1.0,1.0,True,strong_agreement
7,7.jpg,7.jpg,True,1,1,True,True,1,0,0,1.0,1.0,True,strong_agreement
8,8.jpg,8.jpg,True,1,1,True,True,1,0,0,1.0,1.0,True,strong_agreement
9,9.jpg,9.jpg,True,1,1,True,True,1,0,0,1.0,1.0,True,strong_agreement
10,10.jpg,10.jpg,True,2,2,True,True,2,0,0,0.9578004089651577,0.9156008179303156,False,strong_agreement
11,11.jpg,11.jpg,True,1,1,True,True,1,0,0,1.0,1.0,True,strong_agreement
12,12.jpg,12.jpg,True,1,1,True,True,1,0,0,1.0,1.0,True,strong_agreement
13,13.jpg,13.jpg,True,2,2,True,True,2,0,0,0.9580258837164382,0.9160517674328762,False,strong_agreement
14,14.jpg,14.jpg,True,2,2,True,True,2,0,0,1.0,1.0,True,strong_agreement
15,15.jpg,15.jpg,True,1,1,True,True,1,0,0,1.0,1.0,True,strong_agreement
16,16.jpg,16.jpg,True,1,1,True,False,0,1,1,,,False,class_disagreement
17,17.jpg,17.jpg,True,1,1,True,True,1,0,0,1.0,1.0,True,strong_agreement
18,18.jpg,18.jpg,True,1,1,True,True,1,0,0,1.0,1.0,True,strong_agreement
19,19.jpg,19.jpg,True,2,2,True,True,2,0,0,1.0,1.0,True,strong_agreement
20,20.jpg,20.jpg,True,1,1,True,True,1,0,0,1.0,1.0,True,strong_agreement
21,21.jpg,21.jpg,True,1,1,True,True,1,0,0,1.0,1.0,True,strong_agreement
22,22.jpg,22.jpg,True,1,1,True,True,1,0,0,0.9908879757012685,0.9908879757012685,False,strong_agreement
23,23.jpg,23.jpg,True,1,1,True,True,1,0,0,0.9421059414873051,0.9421059414873051,False,strong_agreement
24,24.jpg,24.jpg,True,1,1,True,True,1,0,0,1.0,1.0,True,strong_agreement
25,25.jpg,25.jpg,True,1,1,True,True,1,0,0,1.0,1.0,True,strong_agreement
26,26.jpg,26.jpg,True,1,1,True,True,1,0,0,1.0,1.0,True,strong_agreement
27,27.jpg,27.jpg,True,3,3,True,True,3,0,0,0.9879321907120104,0.9637965721360313,False,strong_agreement
28,28.jpg,28.jpg,True,1,1,True,True,1,0,0,1.0,1.0,True,strong_agreement
29,29.jpg,29.jpg,True,1,1,True,True,1,0,0,1.0,1.0,True,strong_agreement
30,30.jpg,30.jpg,True,2,2,True,True,2,0,0,1.0,1.0,True,strong_agreement
31,31.jpg,31.jpg,True,2,2,True,True,2,0,0,1.0,1.0,True,strong_agreement
32,32.jpg,32.jpg,True,2,2,True,True,2,0,0,1.0,1.0,True,strong_agreement
33,33.jpg,33.jpg,True,2,2,True,True,2,0,0,1.0,1.0,True,strong_agreement
34,34.jpg,34.jpg,True,2,2,True,True,2,0,0,1.0,1.0,True,strong_agreement
35,35.jpg,35.jpg,True,2,2,True,True,2,0,0,1.0,1.0,True,strong_agreement
36,36.jpg,36.jpg,True,2,2,True,True,2,0,0,1.0,1.0,True,strong_agreement
37,37.jpg,37.jpg,True,2,2,True,True,2,0,0,0.9788739480999761,0.9577478961999522,False,strong_agreement
38,38.jpg,38.jpg,True,1,1,True,False,0,1,1,,,False,class_disagreement
39,39.jpg,39.jpg,True,1,1,True,True,1,0,0,1.0,1.0,True,strong_agreement
40,40.jpg,40.jpg,True,1,1,True,True,1,0,0,1.0,1.0,True,strong_agreement
41,41.jpg,41.jpg,True,1,1,True,True,1,0,0,1.0,1.0,True,strong_agreement
42,42.jpg,42.jpg,True,3,3,True,True,3,0,0,0.9713253630529906,0.9344857224715882,False,strong_agreement
43,43.jpg,43.jpg,True,2,2,True,True,2,0,0,0.9657388082451985,0.9314776164903971,False,strong_agreement
44,44.jpg,44.jpg,True,1,1,True,False,0,1,1,,,False,class_disagreement
45,45.jpg,45.jpg,True,2,2,True,True,2,0,0,0.9764852989701465,0.9529705979402928,False,strong_agreement
46,46.jpg,46.jpg,True,2,2,True,True,2,0,0,1.0,1.0,True,strong_agreement
47,47.jpg,47.jpg,True,3,3,True,True,3,0,0,0.9786111369535533,0.967333742126094,False,strong_agreement
48,48.jpg,48.jpg,True,1,1,True,True,1,0,0,1.0,1.0,True,strong_agreement
49,49.jpg,49.jpg,True,1,1,True,True,1,0,0,1.0,1.0,True,strong_agreement
50,50.jpg,50.jpg,True,3,3,True,False,2,1,1,0.9665020576131687,0.9330041152263374,False,class_disagreement
51,51.jpg,51.jpg,True,2,2,True,True,2,0,0,0.938527933090355,0.9068130204390613,False,strong_agreement
52,52.jpg,52.jpg,True,1,1,True,True,1,0,0,1.0,1.0,True,strong_agreement
53,53.jpg,53.jpg,True,1,1,True,True,1,0,0,1.0,1.0,True,strong_agreement
54,54.jpg,54.jpg,True,2,2,True,True,2,0,0,0.8860934846724462,0.7721869693448923,False,box_disagreement
55,55.jpg,55.jpg,True,1,1,True,True,1,0,0,1.0,1.0,True,strong_agreement
56,56.jpg,56.jpg,True,4,4,True,False,3,1,1,0.9164557915400499,0.8560690423162584,False,class_disagreement
57,57.jpg,57.jpg,True,2,2,True,False,1,1,1,1.0,1.0,False,class_disagreement
58,58.jpg,58.jpg,True,1,1,True,True,1,0,0,1.0,1.0,True,strong_agreement
59,59.jpg,59.jpg,True,1,1,True,True,1,0,0,1.0,1.0,True,strong_agreement
60,60.jpg,60.jpg,True,2,2,True,True,2,0,0,0.8600667974039724,0.8101640225867168,False,strong_agreement
61,61.jpg,61.jpg,True,3,3,True,False,2,1,1,0.9762068066777322,0.9524136133554644,False,class_disagreement
62,62.jpg,62.jpg,True,2,2,True,True,2,0,0,0.968420563354095,0.93684112670819,False,strong_agreement
63,63.jpg,63.jpg,True,2,2,True,True,2,0,0,0.8987341772151899,0.7974683544303798,False,box_disagreement
64,64.jpg,64.jpg,True,1,1,True,True,1,0,0,0.9163330040039519,0.9163330040039519,False,strong_agreement
65,65.jpg,65.jpg,True,1,1,True,True,1,0,0,1.0,1.0,True,strong_agreement
66,66.jpg,66.jpg,True,2,1,False,False,1,1,0,0.9324723874256584,0.9324723874256584,False,object_count_disagreement
67,67.jpg,67.jpg,True,1,1,True,True,1,0,0,0.9323284156510584,0.9323284156510584,False,strong_agreement
68,68.jpg,68.jpg,True,2,2,True,True,2,0,0,1.0,1.0,True,strong_agreement
69,69.jpg,69.jpg,True,2,2,True,True,2,0,0,1.0,1.0,True,strong_agreement
70,70.jpg,70.jpg,True,2,2,True,True,2,0,0,1.0,1.0,True,strong_agreement
71,71.jpg,71.jpg,True,1,1,True,True,1,0,0,1.0,1.0,True,strong_agreement
72,72.jpg,72.jpg,True,1,0,False,False,0,1,0,,,False,object_count_disagreement
73,73.jpg,73.jpg,True,1,1,True,True,1,0,0,0.971844002217978,0.971844002217978,False,strong_agreement
74,74.jpg,74.jpg,True,1,1,True,True,1,0,0,1.0,1.0,True,strong_agreement
75,75.jpg,75.jpg,True,2,2,True,True,2,0,0,1.0,1.0,True,strong_agreement
76,76.jpg,76.jpg,True,1,1,True,True,1,0,0,1.0,1.0,True,strong_agreement
77,77.jpg,77.jpg,True,1,1,True,True,1,0,0,0.8723462917011304,0.8723462917011304,False,strong_agreement
78,78.jpg,78.jpg,True,1,1,True,True,1,0,0,1.0,1.0,True,strong_agreement
79,79.jpg,79.jpg,True,1,1,True,True,1,0,0,0.9824495448207597,0.9824495448207597,False,strong_agreement
80,80.jpg,80.jpg,True,3,3,True,True,3,0,0,0.9806267806267807,0.9418803418803419,False,strong_agreement
81,81.jpg,81.jpg,True,3,3,True,True,3,0,0,0.9755410674024695,0.9266232022074085,False,strong_agreement
82,82.jpg,82.jpg,True,1,1,True,True,1,0,0,1.0,1.0,True,strong_agreement
83,83.jpg,83.jpg,True,2,2,True,True,2,0,0,1.0,1.0,True,strong_agreement
84,84.jpg,84.jpg,True,1,1,True,True,1,0,0,1.0,1.0,True,strong_agreement
85,85.jpg,85.jpg,True,1,1,True,True,1,0,0,1.0,1.0,True,strong_agreement
86,86.jpg,86.jpg,True,1,1,True,True,1,0,0,0.9276205947385046,0.9276205947385046,False,strong_agreement
87,87.jpg,87.jpg,True,1,1,True,True,1,0,0,1.0,1.0,True,strong_agreement
88,88.jpg,88.jpg,True,1,1,True,True,1,0,0,1.0,1.0,True,strong_agreement
89,89.jpg,89.jpg,True,2,2,True,True,2,0,0,1.0,1.0,True,strong_agreement
90,90.jpg,90.jpg,True,3,3,True,True,3,0,0,0.9926610644257702,0.9779831932773109,False,strong_agreement
91,91.jpg,91.jpg,True,1,1,True,True,1,0,0,0.9662571835292877,0.9662571835292877,False,strong_agreement
92,92.jpg,92.jpg,True,1,1,True,True,1,0,0,1.0,1.0,True,strong_agreement
93,93.jpg,93.jpg,True,1,1,True,True,1,0,0,1.0,1.0,True,strong_agreement
94,94.jpg,94.jpg,True,2,2,True,True,2,0,0,0.976818050027676,0.953636100055352,False,strong_agreement
95,95.jpg,95.jpg,True,3,3,True,False,2,1,1,1.0,1.0,False,class_disagreement
96,96.jpg,96.jpg,True,2,2,True,False,1,1,1,1.0,1.0,False,class_disagreement
97,97.jpg,97.jpg,True,1,1,True,True,1,0,0,0.9662352685995228,0.9662352685995228,False,strong_agreement
98,98.jpg,98.jpg,True,1,1,True,True,1,0,0,1.0,1.0,True,strong_agreement
99,99.jpg,99.jpg,True,1,1,True,True,1,0,0,1.0,1.0,True,strong_agreement
100,100.jpg,100.jpg,True,1,1,True,True,1,0,0,1.0,1.0,True,strong_agreement
101,101.jpg,101.jpg,True,1,1,True,True,1,0,0,1.0,1.0,True,strong_agreement
102,102.jpg,102.jpg,True,1,1,True,True,1,0,0,0.9353287012292891,0.9353287012292891,False,strong_agreement
103,103.jpg,103.jpg,True,1,1,True,True,1,0,0,0.975482199798349,0.975482199798349,False,strong_agreement
104,104.jpg,104.jpg,True,1,1,True,True,1,0,0,1.0,1.0,True,strong_agreement
105,105.jpg,105.jpg,True,1,1,True,True,1,0,0,0.9455548391718605,0.9455548391718605,False,strong_agreement
106,106.jpg,106.jpg,True,7,7,True,False,6,1,1,0.9674987282900952,0.8049923697405712,False,class_disagreement
107,107.jpg,107.jpg,True,2,2,True,True,2,0,0,0.953822629969419,0.9076452599388379,False,strong_agreement
108,108.jpg,108.jpg,True,3,3,True,True,3,0,0,0.9745190150348221,0.9490860493188481,False,strong_agreement
109,109.jpg,109.jpg,True,1,1,True,True,1,0,0,0.95498046875,0.95498046875,False,strong_agreement
110,110.jpg,110.jpg,True,1,1,True,False,0,1,1,,,False,class_disagreement
111,111.jpg,111.jpg,True,1,1,True,True,1,0,0,0.9115512845656011,0.9115512845656011,False,strong_agreement
112,112.jpg,112.jpg,True,2,2,True,True,2,0,0,0.986646388341077,0.973292776682154,False,strong_agreement
113,113.jpg,113.jpg,True,2,2,True,True,2,0,0,0.9613270437799696,0.9226540875599392,False,strong_agreement
114,114.jpg,114.jpg,True,2,2,True,True,2,0,0,0.9589350098744406,0.9178700197488812,False,strong_agreement
115,115.jpg,115.jpg,True,2,2,True,True,2,0,0,1.0,1.0,True,strong_agreement
116,116.jpg,116.jpg,True,3,3,True,True,3,0,0,0.9370572872630255,0.8111718617890762,False,strong_agreement
117,117.jpg,117.jpg,True,1,1,True,True,1,0,0,1.0,1.0,True,strong_agreement
118,118.jpg,118.jpg,True,1,1,True,True,1,0,0,1.0,1.0,True,strong_agreement
119,119.jpg,119.jpg,True,1,1,True,True,1,0,0,0.8736085812588544,0.8736085812588544,False,strong_agreement
120,120.jpg,120.jpg,True,1,1,True,True,1,0,0,0.9579547980733605,0.9579547980733605,False,strong_agreement
121,121.jpg,121.jpg,True,1,1,True,True,1,0,0,1.0,1.0,True,strong_agreement
122,122.jpg,122.jpg,True,2,2,True,True,2,0,0,0.8430863875876664,0.8387959866220736,False,strong_agreement
123,123.jpg,123.jpg,True,3,3,True,True,3,0,0,0.9684757698694547,0.9314892837516029,False,strong_agreement
124,124.jpg,124.jpg,True,1,1,True,True,1,0,0,1.0,1.0,True,strong_agreement
125,125.jpg,125.jpg,True,2,2,True,True,2,0,0,1.0,1.0,True,strong_agreement
126,126.jpg,126.jpg,True,4,4,True,True,4,0,0,0.9593610530279554,0.8871135521990596,False,strong_agreement
127,127.jpg,127.jpg,True,2,2,True,True,2,0,0,0.9947347734840226,0.9894695469680452,False,strong_agreement
128,128.jpg,128.jpg,True,1,1,True,True,1,0,0,1.0,1.0,True,strong_agreement
129,129.jpg,129.jpg,True,1,1,True,True,1,0,0,1.0,1.0,True,strong_agreement
130,130.jpg,130.jpg,True,2,2,True,True,2,0,0,0.9521715328467153,0.9043430656934307,False,strong_agreement
131,131.jpg,131.jpg,True,1,1,True,True,1,0,0,0.892773528952708,0.892773528952708,False,strong_agreement
132,132.jpg,132.jpg,True,2,2,True,True,2,0,0,1.0,1.0,True,strong_agreement
133,133.jpg,133.jpg,True,1,1,True,True,1,0,0,1.0,1.0,True,strong_agreement
134,134.jpg,134.jpg,True,1,1,True,True,1,0,0,1.0,1.0,True,strong_agreement
135,135.jpg,135.jpg,True,3,3,True,True,3,0,0,0.9919394900886175,0.9758184702658526,False,strong_agreement
136,136.jpg,136.jpg,True,1,1,True,True,1,0,0,1.0,1.0,True,strong_agreement
137,137.jpg,137.jpg,True,1,1,True,True,1,0,0,1.0,1.0,True,strong_agreement
138,138.jpg,138.jpg,True,1,1,True,True,1,0,0,0.9807599908082475,0.9807599908082475,False,strong_agreement
139,139.jpg,139.jpg,True,3,3,True,True,3,0,0,0.9496083439614296,0.9051504079283248,False,strong_agreement
140,140.jpg,140.jpg,True,2,2,True,True,2,0,0,0.9713445607504865,0.9643893006767644,False,strong_agreement
141,141.jpg,141.jpg,True,1,1,True,True,1,0,0,1.0,1.0,True,strong_agreement
142,142.jpg,142.jpg,True,1,1,True,True,1,0,0,1.0,1.0,True,strong_agreement
143,143.jpg,143.jpg,True,1,1,True,True,1,0,0,1.0,1.0,True,strong_agreement
144,144.jpg,144.jpg,True,4,4,True,True,4,0,0,0.9075403908127551,0.8014272417002792,False,strong_agreement
145,145.jpg,145.jpg,True,1,1,True,True,1,0,0,1.0,1.0,True,strong_agreement
146,146.jpg,146.jpg,True,1,1,True,True,1,0,0,1.0,1.0,True,strong_agreement
147,147.jpg,147.jpg,True,1,1,True,True,1,0,0,0.9191266912669127,0.9191266912669127,False,strong_agreement
148,148.jpg,148.jpg,True,2,1,False,False,1,1,0,0.8562032393324015,0.8562032393324015,False,object_count_disagreement
149,149.jpg,149.jpg,True,1,1,True,True,1,0,0,1.0,1.0,True,strong_agreement
150,150.jpg,150.jpg,True,2,2,True,True,2,0,0,0.9829861111111111,0.9659722222222222,False,strong_agreement
151,151.jpg,151.jpg,True,1,1,True,False,0,1,1,,,False,class_disagreement
152,152.jpg,152.jpg,True,2,2,True,True,2,0,0,1.0,1.0,True,strong_agreement
153,153.jpg,153.jpg,True,1,1,True,True,1,0,0,1.0,1.0,True,strong_agreement
154,154.jpg,154.jpg,True,2,2,True,False,1,1,1,1.0,1.0,False,class_disagreement
155,155.jpg,155.jpg,True,5,5,True,True,5,0,0,0.9939819119262954,0.9699095596314766,False,strong_agreement
156,156.jpg,156.jpg,True,1,0,False,False,0,1,0,,,False,object_count_disagreement
157,157.jpg,157.jpg,True,1,1,True,True,1,0,0,0.8985730813729271,0.8985730813729271,False,strong_agreement
158,158.jpg,158.jpg,True,2,2,True,False,1,1,1,1.0,1.0,False,class_disagreement
159,159.jpg,159.jpg,True,1,1,True,True,1,0,0,0.9036523929471033,0.9036523929471033,False,strong_agreement
160,160.jpg,160.jpg,True,1,1,True,True,1,0,0,1.0,1.0,True,strong_agreement
161,161.jpg,161.jpg,True,1,1,True,True,1,0,0,1.0,1.0,True,strong_agreement
162,162.jpg,162.jpg,True,2,2,True,True,2,0,0,1.0,1.0,True,strong_agreement
163,163.jpg,163.jpg,True,1,1,True,True,1,0,0,1.0,1.0,True,strong_agreement
164,164.jpg,164.jpg,True,1,1,True,True,1,0,0,0.9665616614164042,0.9665616614164042,False,strong_agreement
165,165.jpg,165.jpg,True,2,2,True,True,2,0,0,1.0,1.0,True,strong_agreement
166,166.jpg,166.jpg,True,1,1,True,True,1,0,0,1.0,1.0,True,strong_agreement
167,167.jpg,167.jpg,True,2,2,True,True,2,0,0,1.0,1.0,True,strong_agreement
168,168.jpg,168.jpg,True,1,1,True,True,1,0,0,1.0,1.0,True,strong_agreement
169,169.jpg,169.jpg,True,2,2,True,True,2,0,0,0.9824255700487903,0.9648511400975804,False,strong_agreement
170,170.jpg,170.jpg,True,3,3,True,True,3,0,0,0.9723327451804705,0.9689258201332988,False,strong_agreement
171,171.jpg,171.jpg,True,2,2,True,True,2,0,0,0.949471533501143,0.9454317471129137,False,strong_agreement
172,172.jpg,172.jpg,True,2,2,True,False,1,1,1,1.0,1.0,False,class_disagreement
173,173.jpg,173.jpg,True,1,1,True,True,1,0,0,1.0,1.0,True,strong_agreement
174,174.jpg,174.jpg,True,1,1,True,True,1,0,0,1.0,1.0,True,strong_agreement
175,175.jpg,175.jpg,True,3,3,True,True,3,0,0,1.0,1.0,True,strong_agreement
176,176.jpg,176.jpg,True,2,2,True,True,2,0,0,1.0,1.0,True,strong_agreement
177,177.jpg,177.jpg,True,1,1,True,True,1,0,0,1.0,1.0,True,strong_agreement
178,178.jpg,178.jpg,True,3,3,True,True,3,0,0,0.9795299863186879,0.9385899589560639,False,strong_agreement
179,179.jpg,179.jpg,True,1,1,True,True,1,0,0,1.0,1.0,True,strong_agreement
180,180.jpg,180.jpg,True,1,1,True,True,1,0,0,1.0,1.0,True,strong_agreement
181,181.jpg,181.jpg,True,1,0,False,False,0,1,0,,,False,object_count_disagreement
182,182.jpg,182.jpg,True,1,1,True,True,1,0,0,1.0,1.0,True,strong_agreement
183,183.jpg,183.jpg,True,2,2,True,True,2,0,0,1.0,1.0,True,strong_agreement
184,184.jpg,184.jpg,True,2,2,True,True,2,0,0,1.0,1.0,True,strong_agreement
185,185.jpg,185.jpg,True,2,2,True,True,2,0,0,0.8247863247863247,0.6495726495726496,False,box_disagreement
186,186.jpg,186.jpg,True,1,1,True,True,1,0,0,1.0,1.0,True,strong_agreement
187,187.jpg,187.jpg,True,2,2,True,True,2,0,0,0.9686526635252775,0.937305327050555,False,strong_agreement
188,188.jpg,188.jpg,True,2,2,True,True,2,0,0,0.9861128179918889,0.9722256359837778,False,strong_agreement
189,189.jpg,189.jpg,True,1,1,True,True,1,0,0,1.0,1.0,True,strong_agreement
190,190.jpg,190.jpg,True,1,1,True,True,1,0,0,0.9767754279549756,0.9767754279549756,False,strong_agreement
191,191.jpg,191.jpg,True,1,1,True,True,1,0,0,1.0,1.0,True,strong_agreement
192,192.jpg,192.jpg,True,3,3,True,False,2,1,1,0.94980639609924,0.8996127921984799,False,class_disagreement
193,193.jpg,193.jpg,True,1,1,True,True,1,0,0,1.0,1.0,True,strong_agreement
194,194.jpg,194.jpg,True,2,2,True,True,2,0,0,1.0,1.0,True,strong_agreement
195,195.jpg,195.jpg,True,1,0,False,False,0,1,0,,,False,object_count_disagreement
196,196.jpg,196.jpg,True,2,2,True,True,2,0,0,0.9774563106796117,0.9549126213592233,False,strong_agreement
197,197.jpg,197.jpg,True,1,1,True,True,1,0,0,0.9719853403811358,0.9719853403811358,False,strong_agreement
198,198.jpg,198.jpg,True,2,2,True,True,2,0,0,0.9427465042423764,0.9118309371210809,False,strong_agreement
199,199.jpg,199.jpg,True,1,1,True,True,1,0,0,1.0,1.0,True,strong_agreement
200,200.jpg,200.jpg,True,2,2,True,True,2,0,0,1.0,1.0,True,strong_agreement
201,201.jpg,201.jpg,True,2,2,True,True,2,0,0,0.9211387434554974,0.8422774869109948,False,strong_agreement
202,202.jpg,202.jpg,True,2,2,True,True,2,0,0,1.0,1.0,True,strong_agreement
203,203.jpg,203.jpg,True,2,2,True,True,2,0,0,0.9663374600083461,0.9326749200166922,False,strong_agreement
204,204.jpg,204.jpg,True,1,1,True,True,1,0,0,1.0,1.0,True,strong_agreement
205,205.jpg,205.jpg,True,3,2,False,False,2,1,0,0.9192531485946664,0.8627396499027508,False,object_count_disagreement
206,206.jpg,206.jpg,True,1,1,True,True,1,0,0,0.9420991683335088,0.9420991683335088,False,strong_agreement
207,207.jpg,207.jpg,True,2,2,True,False,1,1,1,1.0,1.0,False,class_disagreement
208,208.jpg,208.jpg,True,1,1,True,False,0,1,1,,,False,class_disagreement
209,209.jpg,209.jpg,True,1,1,True,False,0,1,1,,,False,class_disagreement
210,210.jpg,210.jpg,True,2,2,True,True,2,0,0,1.0,1.0,True,strong_agreement
211,211.jpg,211.jpg,True,2,2,True,True,2,0,0,0.9287068943702601,0.9103934751460377,False,strong_agreement
212,212.jpg,212.jpg,True,1,1,True,True,1,0,0,0.9633816591876654,0.9633816591876654,False,strong_agreement
213,213.jpg,213.jpg,True,1,1,True,True,1,0,0,1.0,1.0,True,strong_agreement
214,214.jpg,214.jpg,True,1,1,True,True,1,0,0,1.0,1.0,True,strong_agreement
215,215.jpg,215.jpg,True,1,1,True,True,1,0,0,1.0,1.0,True,strong_agreement
216,216.jpg,216.jpg,True,1,1,True,True,1,0,0,0.8987900902631074,0.8987900902631074,False,strong_agreement
217,217.jpg,217.jpg,True,1,1,True,True,1,0,0,0.8150084576349377,0.8150084576349377,False,strong_agreement
218,218.jpg,218.jpg,True,2,2,True,True,2,0,0,1.0,1.0,True,strong_agreement
219,219.jpg,219.jpg,True,3,3,True,True,3,0,0,1.0,1.0,True,strong_agreement
220,220.jpg,220.jpg,True,2,2,True,True,2,0,0,0.9744476314892649,0.94889526297853,False,strong_agreement
221,221.jpg,221.jpg,True,2,2,True,True,2,0,0,1.0,1.0,True,strong_agreement
222,222.jpg,222.jpg,True,2,2,True,True,2,0,0,1.0,1.0,True,strong_agreement
223,223.jpg,223.jpg,True,1,1,True,True,1,0,0,1.0,1.0,True,strong_agreement
224,224.jpg,224.jpg,True,1,1,True,True,1,0,0,0.9714184531932903,0.9714184531932903,False,strong_agreement
225,225.jpg,225.jpg,True,1,1,True,True,1,0,0,1.0,1.0,True,strong_agreement
226,226.jpg,226.jpg,True,1,0,False,False,0,1,0,,,False,object_count_disagreement
227,227.jpg,227.jpg,True,1,1,True,True,1,0,0,1.0,1.0,True,strong_agreement
228,228.jpg,228.jpg,True,2,2,True,False,1,1,1,1.0,1.0,False,class_disagreement
229,229.jpg,229.jpg,True,1,1,True,True,1,0,0,0.9489735601885134,0.9489735601885134,False,strong_agreement
230,230.jpg,230.jpg,True,2,2,True,False,1,1,1,0.9319259846853701,0.9319259846853701,False,class_disagreement
231,231.jpg,231.jpg,True,1,1,True,True,1,0,0,0.9385561431558234,0.9385561431558234,False,strong_agreement
232,232.jpg,232.jpg,True,1,0,False,False,0,1,0,,,False,object_count_disagreement
233,233.jpg,233.jpg,True,2,2,True,True,2,0,0,0.9678092564547705,0.9356185129095409,False,strong_agreement
234,234.jpg,234.jpg,True,5,5,True,True,5,0,0,1.0,1.0,True,strong_agreement
235,235.jpg,235.jpg,True,1,1,True,True,1,0,0,0.9695036518110002,0.9695036518110002,False,strong_agreement
236,236.jpg,236.jpg,True,2,1,False,False,1,1,0,1.0,1.0,False,object_count_disagreement
237,237.jpg,237.jpg,True,2,2,True,True,2,0,0,0.9370886318614609,0.8741772637229216,False,strong_agreement
238,238.jpg,238.jpg,True,2,2,True,True,2,0,0,0.9457064188607813,0.8914128377215625,False,strong_agreement
239,239.jpg,239.jpg,True,2,2,True,True,2,0,0,1.0,1.0,True,strong_agreement
240,240.jpg,240.jpg,True,4,4,True,True,4,0,0,1.0,1.0,True,strong_agreement
241,241.jpg,241.jpg,True,1,1,True,True,1,0,0,0.8530805687203792,0.8530805687203792,False,strong_agreement
242,242.jpg,242.jpg,True,2,2,True,True,2,0,0,1.0,1.0,True,strong_agreement
243,243.jpg,243.jpg,True,1,1,True,True,1,0,0,1.0,1.0,True,strong_agreement
244,244.jpg,244.jpg,True,1,1,True,True,1,0,0,1.0,1.0,True,strong_agreement
245,245.jpg,245.jpg,True,2,2,True,True,2,0,0,0.9511481800760591,0.947118616720897,False,strong_agreement
246,246.jpg,246.jpg,True,1,1,True,True,1,0,0,0.9075700543705563,0.9075700543705563,False,strong_agreement
247,247.jpg,247.jpg,True,1,1,True,True,1,0,0,1.0,1.0,True,strong_agreement
248,248.jpg,248.jpg,True,2,2,True,True,2,0,0,0.9847648992425325,0.969529798485065,False,strong_agreement
249,249.jpg,249.jpg,True,2,2,True,True,2,0,0,0.9476882558731609,0.9435777431097244,False,strong_agreement
250,250.jpg,250.jpg,True,1,1,True,True,1,0,0,1.0,1.0,True,strong_agreement
251,251.jpg,251.jpg,True,3,2,False,False,2,1,0,1.0,1.0,False,object_count_disagreement
252,252.jpg,252.jpg,True,1,1,True,True,1,0,0,1.0,1.0,True,strong_agreement
253,253.jpg,253.jpg,True,1,1,True,True,1,0,0,0.9493169922124346,0.9493169922124346,False,strong_agreement
254,254.jpg,254.jpg,True,1,1,True,True,1,0,0,1.0,1.0,True,strong_agreement
255,255.jpg,255.jpg,True,2,2,True,True,2,0,0,1.0,1.0,True,strong_agreement
256,256.jpg,256.jpg,True,6,6,True,True,6,0,0,0.9861471503849578,0.9552284836174535,False,strong_agreement
257,257.jpg,257.jpg,True,2,2,True,True,2,0,0,1.0,1.0,True,strong_agreement
258,258.jpg,258.jpg,True,1,1,True,True,1,0,0,1.0,1.0,True,strong_agreement
259,259.jpg,259.jpg,True,1,1,True,True,1,0,0,1.0,1.0,True,strong_agreement
260,260.jpg,260.jpg,True,1,1,True,True,1,0,0,1.0,1.0,True,strong_agreement
261,261.jpg,261.jpg,True,1,1,True,True,1,0,0,0.9810450531525957,0.9810450531525957,False,strong_agreement
262,262.jpg,262.jpg,True,1,1,True,True,1,0,0,1.0,1.0,True,strong_agreement
263,263.jpg,263.jpg,True,2,2,True,True,2,0,0,0.9763899466869763,0.9527798933739527,False,strong_agreement
264,264.jpg,264.jpg,True,1,1,True,True,1,0,0,1.0,1.0,True,strong_agreement
265,265.jpg,265.jpg,True,2,2,True,True,2,0,0,1.0,1.0,True,strong_agreement
266,266.jpg,266.jpg,True,2,2,True,True,2,0,0,0.9719755826859046,0.9439511653718091,False,strong_agreement
267,267.jpg,267.jpg,True,2,2,True,True,2,0,0,0.9932945257762029,0.9865890515524057,False,strong_agreement
268,268.jpg,268.jpg,True,2,2,True,True,2,0,0,0.9762087490406753,0.9524174980813507,False,strong_agreement
269,269.jpg,269.jpg,True,1,1,True,True,1,0,0,0.9738817480719795,0.9738817480719795,False,strong_agreement
270,270.jpg,270.jpg,True,1,1,True,True,1,0,0,1.0,1.0,True,strong_agreement
271,271.jpg,271.jpg,True,1,1,True,True,1,0,0,0.8851880276285495,0.8851880276285495,False,strong_agreement
272,272.jpg,272.jpg,True,2,2,True,True,2,0,0,1.0,1.0,True,strong_agreement
273,273.jpg,273.jpg,True,2,2,True,True,2,0,0,1.0,1.0,True,strong_agreement
274,274.jpg,274.jpg,True,1,1,True,True,1,0,0,1.0,1.0,True,strong_agreement
275,275.jpg,275.jpg,True,1,1,True,True,1,0,0,0.9686748967812172,0.9686748967812172,False,strong_agreement
276,276.jpg,276.jpg,True,2,2,True,False,1,1,1,1.0,1.0,False,class_disagreement
277,277.jpg,277.jpg,True,2,2,True,True,2,0,0,0.9719521470122716,0.9439042940245431,False,strong_agreement
278,278.jpg,278.jpg,True,2,2,True,True,2,0,0,1.0,1.0,True,strong_agreement
279,279.jpg,279.jpg,True,1,1,True,True,1,0,0,1.0,1.0,True,strong_agreement
280,280.jpg,280.jpg,True,1,1,True,True,1,0,0,0.918438480306727,0.918438480306727,False,strong_agreement
281,281.jpg,281.jpg,True,2,1,False,False,1,1,0,1.0,1.0,False,object_count_disagreement
282,282.jpg,282.jpg,True,3,3,True,True,3,0,0,0.9888375673595072,0.9665127020785219,False,strong_agreement
283,283.jpg,283.jpg,True,2,2,True,True,2,0,0,0.8658694990984814,0.8436213991769548,False,strong_agreement
284,284.jpg,284.jpg,True,1,1,True,True,1,0,0,0.901145651882621,0.901145651882621,False,strong_agreement
285,285.jpg,285.jpg,True,2,2,True,True,2,0,0,0.9869565217391305,0.9739130434782609,False,strong_agreement
286,286.jpg,286.jpg,True,1,1,True,True,1,0,0,1.0,1.0,True,strong_agreement
287,287.jpg,287.jpg,True,1,1,True,True,1,0,0,0.9855524315897892,0.9855524315897892,False,strong_agreement
288,288.jpg,288.jpg,True,1,1,True,True,1,0,0,1.0,1.0,True,strong_agreement
289,289.jpg,289.jpg,True,3,3,True,True,3,0,0,0.9838861515042262,0.9516584545126787,False,strong_agreement
290,290.jpg,290.jpg,True,1,0,False,False,0,1,0,,,False,object_count_disagreement
291,291.jpg,291.jpg,True,1,1,True,True,1,0,0,1.0,1.0,True,strong_agreement
292,292.jpg,292.jpg,True,1,1,True,True,1,0,0,1.0,1.0,True,strong_agreement
293,293.jpg,293.jpg,True,1,1,True,False,0,1,1,,,False,class_disagreement
294,294.jpg,294.jpg,True,1,1,True,True,1,0,0,1.0,1.0,True,strong_agreement
295,295.jpg,295.jpg,True,2,2,True,True,2,0,0,1.0,1.0,True,strong_agreement
296,296.jpg,296.jpg,True,1,1,True,True,1,0,0,1.0,1.0,True,strong_agreement
297,297.jpg,297.jpg,True,2,2,True,True,2,0,0,0.9541761363636363,0.9083522727272727,False,strong_agreement
298,298.jpg,298.jpg,True,2,2,True,True,2,0,0,1.0,1.0,True,strong_agreement
299,299.jpg,299.jpg,True,5,5,True,False,4,1,1,0.9807104769231225,0.9505564789112332,False,class_disagreement
300,300.jpg,300.jpg,True,1,1,True,True,1,0,0,1.0,1.0,True,strong_agreement
301,301.jpg,301.jpg,True,1,1,True,True,1,0,0,0.9481747934985345,0.9481747934985345,False,strong_agreement
302,302.jpg,302.jpg,True,2,2,True,False,1,1,1,1.0,1.0,False,class_disagreement
303,303.jpg,303.jpg,True,2,2,True,True,2,0,0,1.0,1.0,True,strong_agreement
304,304.jpg,304.jpg,True,1,1,True,True,1,0,0,1.0,1.0,True,strong_agreement
305,305.jpg,305.jpg,True,2,2,True,True,2,0,0,0.8866412978169438,0.7732825956338875,False,box_disagreement
306,306.jpg,306.jpg,True,1,1,True,True,1,0,0,1.0,1.0,True,strong_agreement
307,307.jpg,307.jpg,True,2,2,True,True,2,0,0,1.0,1.0,True,strong_agreement
308,308.jpg,308.jpg,True,2,2,True,True,2,0,0,0.9584426536731634,0.9168853073463268,False,strong_agreement
309,309.jpg,309.jpg,True,1,1,True,True,1,0,0,1.0,1.0,True,strong_agreement
310,310.jpg,310.jpg,True,1,0,False,False,0,1,0,,,False,object_count_disagreement
311,311.jpg,311.jpg,True,6,6,True,True,6,0,0,0.9887642276422764,0.9325853658536586,False,strong_agreement
312,312.jpg,312.jpg,True,2,2,True,False,1,1,1,1.0,1.0,False,class_disagreement
313,313.jpg,313.jpg,True,2,2,True,False,1,1,1,1.0,1.0,False,class_disagreement
314,314.jpg,314.jpg,True,2,2,True,True,2,0,0,1.0,1.0,True,strong_agreement
315,315.jpg,315.jpg,True,1,1,True,True,1,0,0,1.0,1.0,True,strong_agreement
316,316.jpg,316.jpg,True,1,1,True,True,1,0,0,1.0,1.0,True,strong_agreement
317,317.jpg,317.jpg,True,2,2,True,True,2,0,0,0.9869019527375944,0.9738039054751889,False,strong_agreement
318,318.jpg,318.jpg,True,1,1,True,True,1,0,0,1.0,1.0,True,strong_agreement
319,319.jpg,319.jpg,True,3,3,True,True,3,0,0,1.0,1.0,True,strong_agreement
320,320.jpg,320.jpg,True,2,2,True,False,1,1,1,1.0,1.0,False,class_disagreement
321,321.jpg,321.jpg,True,1,1,True,True,1,0,0,0.9733112932671434,0.9733112932671434,False,strong_agreement
322,322.jpg,322.jpg,True,1,1,True,True,1,0,0,0.974436274509804,0.974436274509804,False,strong_agreement
323,323.jpg,323.jpg,True,1,1,True,True,1,0,0,1.0,1.0,True,strong_agreement
324,324.jpg,324.jpg,True,1,1,True,True,1,0,0,1.0,1.0,True,strong_agreement
325,325.jpg,325.jpg,True,3,3,True,True,3,0,0,0.9697213290460879,0.9091639871382636,False,strong_agreement
326,326.jpg,326.jpg,True,2,2,True,True,2,0,0,0.9058270038439374,0.8471313053523296,False,strong_agreement
327,327.jpg,327.jpg,True,1,1,True,True,1,0,0,0.976859942086769,0.976859942086769,False,strong_agreement
328,328.jpg,328.jpg,True,6,6,True,True,6,0,0,0.9277063737775814,0.6701680672268907,False,box_disagreement
329,329.jpg,329.jpg,True,1,1,True,False,0,1,1,,,False,class_disagreement
330,330.jpg,330.jpg,True,1,1,True,True,1,0,0,1.0,1.0,True,strong_agreement
331,331.jpg,331.jpg,True,5,5,True,False,3,2,2,1.0,1.0,False,class_disagreement
332,332.jpg,332.jpg,True,1,1,True,True,1,0,0,0.9675275035729717,0.9675275035729717,False,strong_agreement
333,333.jpg,333.jpg,True,1,1,True,True,1,0,0,1.0,1.0,True,strong_agreement
334,334.jpg,334.jpg,True,1,1,True,True,1,0,0,0.7492559523809523,0.7492559523809523,False,box_disagreement
335,335.jpg,335.jpg,True,1,1,True,True,1,0,0,1.0,1.0,True,strong_agreement
336,336.jpg,336.jpg,True,1,1,True,True,1,0,0,1.0,1.0,True,strong_agreement
337,337.jpg,337.jpg,True,1,1,True,True,1,0,0,0.9589971736627237,0.9589971736627237,False,strong_agreement
338,338.jpg,338.jpg,True,1,1,True,True,1,0,0,1.0,1.0,True,strong_agreement
339,339.jpg,339.jpg,True,1,0,False,False,0,1,0,,,False,object_count_disagreement
340,340.jpg,340.jpg,True,2,2,True,True,2,0,0,1.0,1.0,True,strong_agreement
341,341.jpg,341.jpg,True,2,2,True,True,2,0,0,0.9290135759596807,0.8858666306695464,False,strong_agreement
342,342.jpg,342.jpg,True,1,1,True,True,1,0,0,0.94634923296169,0.94634923296169,False,strong_agreement
343,343.jpg,343.jpg,True,1,1,True,True,1,0,0,1.0,1.0,True,strong_agreement
344,344.jpg,344.jpg,True,1,1,True,True,1,0,0,1.0,1.0,True,strong_agreement
345,345.jpg,345.jpg,True,2,2,True,True,2,0,0,0.8949579831932772,0.7899159663865546,False,box_disagreement
346,346.jpg,346.jpg,True,1,1,True,True,1,0,0,1.0,1.0,True,strong_agreement
347,347.jpg,347.jpg,True,1,1,True,True,1,0,0,0.9848396835396435,0.9848396835396435,False,strong_agreement
348,348.jpg,348.jpg,True,2,2,True,True,2,0,0,1.0,1.0,True,strong_agreement
349,349.jpg,349.jpg,True,1,1,True,True,1,0,0,1.0,1.0,True,strong_agreement
350,350.jpg,350.jpg,True,1,1,True,True,1,0,0,0.9276200490711531,0.9276200490711531,False,strong_agreement
351,351.jpg,351.jpg,True,3,3,True,True,3,0,0,0.9632443260199937,0.8897329780599808,False,strong_agreement
352,352.jpg,352.jpg,True,1,1,True,True,1,0,0,0.9798855087153279,0.9798855087153279,False,strong_agreement
353,353.jpg,353.jpg,True,1,1,True,True,1,0,0,0.9642610070662647,0.9642610070662647,False,strong_agreement
354,354.jpg,354.jpg,True,1,1,True,True,1,0,0,0.9491333225336142,0.9491333225336142,False,strong_agreement
355,355.jpg,355.jpg,True,1,1,True,True,1,0,0,1.0,1.0,True,strong_agreement
356,356.jpg,356.jpg,True,1,0,False,False,0,1,0,,,False,object_count_disagreement
357,357.jpg,357.jpg,True,1,1,True,True,1,0,0,1.0,1.0,True,strong_agreement
358,358.jpg,358.jpg,True,1,1,True,True,1,0,0,0.912938297694853,0.912938297694853,False,strong_agreement
359,359.jpg,359.jpg,True,1,1,True,True,1,0,0,0.9708403267315654,0.9708403267315654,False,strong_agreement
360,360.jpg,360.jpg,True,1,1,True,True,1,0,0,1.0,1.0,True,strong_agreement
361,361.jpg,361.jpg,True,2,2,True,True,2,0,0,0.9825126152775361,0.9650252305550722,False,strong_agreement
362,362.jpg,362.jpg,True,1,1,True,True,1,0,0,1.0,1.0,True,strong_agreement
363,363.jpg,363.jpg,True,1,1,True,True,1,0,0,0.9820337602389465,0.9820337602389465,False,strong_agreement
364,364.jpg,364.jpg,True,1,1,True,False,0,1,1,,,False,class_disagreement
365,365.jpg,365.jpg,True,1,1,True,True,1,0,0,1.0,1.0,True,strong_agreement
366,366.jpg,366.jpg,True,1,1,True,True,1,0,0,0.979723417413387,0.979723417413387,False,strong_agreement
367,367.jpg,367.jpg,True,1,1,True,True,1,0,0,1.0,1.0,True,strong_agreement
368,368.jpg,368.jpg,True,1,1,True,True,1,0,0,1.0,1.0,True,strong_agreement
369,369.jpg,369.jpg,True,1,1,True,True,1,0,0,1.0,1.0,True,strong_agreement
370,370.jpg,370.jpg,True,3,3,True,False,2,1,1,0.9818959842001317,0.9637919684002634,False,class_disagreement
371,371.jpg,371.jpg,True,1,1,True,True,1,0,0,1.0,1.0,True,strong_agreement
372,372.jpg,372.jpg,True,1,1,True,True,1,0,0,1.0,1.0,True,strong_agreement
373,373.jpg,373.jpg,True,1,1,True,True,1,0,0,1.0,1.0,True,strong_agreement
374,374.jpg,374.jpg,True,1,1,True,True,1,0,0,0.9625725572396001,0.9625725572396001,False,strong_agreement
375,375.jpg,375.jpg,True,1,1,True,True,1,0,0,1.0,1.0,True,strong_agreement
376,376.jpg,376.jpg,True,3,3,True,True,3,0,0,1.0,1.0,True,strong_agreement
377,377.jpg,377.jpg,True,1,1,True,True,1,0,0,0.9792397057812607,0.9792397057812607,False,strong_agreement
378,378.jpg,378.jpg,True,1,1,True,True,1,0,0,0.9284435643564356,0.9284435643564356,False,strong_agreement
379,379.jpg,379.jpg,True,2,2,True,True,2,0,0,1.0,1.0,True,strong_agreement
380,380.jpg,380.jpg,True,1,1,True,True,1,0,0,1.0,1.0,True,strong_agreement
381,381.jpg,381.jpg,True,1,1,True,True,1,0,0,0.889204097714736,0.889204097714736,False,strong_agreement
382,382.jpg,382.jpg,True,3,3,True,True,3,0,0,0.9334789240155296,0.800436772046589,False,strong_agreement
383,383.jpg,383.jpg,True,1,1,True,True,1,0,0,1.0,1.0,True,strong_agreement
384,384.jpg,384.jpg,True,1,1,True,False,0,1,1,,,False,class_disagreement
385,385.jpg,385.jpg,True,2,2,True,True,2,0,0,1.0,1.0,True,strong_agreement
386,386.jpg,386.jpg,True,3,3,True,True,3,0,0,1.0,1.0,True,strong_agreement
387,387.jpg,387.jpg,True,1,1,True,True,1,0,0,0.9719885202075798,0.9719885202075798,False,strong_agreement
388,388.jpg,388.jpg,True,1,1,True,True,1,0,0,0.8746355685131195,0.8746355685131195,False,strong_agreement
389,389.jpg,389.jpg,True,1,1,True,True,1,0,0,0.8929608127721336,0.8929608127721336,False,strong_agreement
390,390.jpg,390.jpg,True,1,1,True,True,1,0,0,0.9564497931553215,0.9564497931553215,False,strong_agreement
391,391.jpg,391.jpg,True,1,1,True,True,1,0,0,1.0,1.0,True,strong_agreement
392,392.jpg,392.jpg,True,2,2,True,True,2,0,0,1.0,1.0,True,strong_agreement
393,393.jpg,393.jpg,True,1,1,True,True,1,0,0,0.9409322763707024,0.9409322763707024,False,strong_agreement
394,394.jpg,394.jpg,True,1,1,True,True,1,0,0,1.0,1.0,True,strong_agreement
395,395.jpg,395.jpg,True,1,1,True,True,1,0,0,1.0,1.0,True,strong_agreement
396,396.jpg,396.jpg,True,2,2,True,False,1,1,1,0.9477508650519031,0.9477508650519031,False,class_disagreement
397,397.jpg,397.jpg,True,1,1,True,True,1,0,0,1.0,1.0,True,strong_agreement
398,398.jpg,398.jpg,True,3,3,True,True,3,0,0,1.0,1.0,True,strong_agreement
399,399.jpg,399.jpg,True,2,2,True,True,2,0,0,0.927578669526127,0.8551573390522539,False,strong_agreement
400,400.jpg,400.jpg,True,5,5,True,True,5,0,0,0.9813314136995046,0.9293528183716075,False,strong_agreement
401,401.jpg,401.jpg,True,1,1,True,True,1,0,0,1.0,1.0,True,strong_agreement
402,402.jpg,402.jpg,True,1,1,True,True,1,0,0,1.0,1.0,True,strong_agreement
403,403.jpg,403.jpg,True,2,2,True,True,2,0,0,1.0,1.0,True,strong_agreement
404,404.jpg,404.jpg,True,1,1,True,True,1,0,0,1.0,1.0,True,strong_agreement
405,405.jpg,405.jpg,True,1,1,True,True,1,0,0,1.0,1.0,True,strong_agreement
406,406.jpg,406.jpg,True,1,1,True,True,1,0,0,1.0,1.0,True,strong_agreement
407,407.jpg,407.jpg,True,1,1,True,False,0,1,1,,,False,class_disagreement
408,408.jpg,408.jpg,True,2,2,True,False,1,1,1,1.0,1.0,False,class_disagreement
409,409.jpg,409.jpg,True,1,1,True,True,1,0,0,1.0,1.0,True,strong_agreement
410,410.jpg,410.jpg,True,2,2,True,True,2,0,0,1.0,1.0,True,strong_agreement
411,411.jpg,411.jpg,True,2,2,True,True,2,0,0,1.0,1.0,True,strong_agreement
412,412.jpg,412.jpg,True,2,2,True,True,2,0,0,0.9901440855630175,0.980288171126035,False,strong_agreement
413,413.jpg,413.jpg,True,3,2,False,False,2,1,0,1.0,1.0,False,object_count_disagreement
414,414.jpg,414.jpg,True,1,1,True,True,1,0,0,0.9761028472115729,0.9761028472115729,False,strong_agreement
415,415.jpg,415.jpg,True,2,2,True,True,2,0,0,0.9115031757233591,0.8230063514467184,False,strong_agreement
416,416.jpg,416.jpg,True,1,1,True,True,1,0,0,1.0,1.0,True,strong_agreement
417,417.jpg,417.jpg,True,1,1,True,True,1,0,0,0.961255081300813,0.961255081300813,False,strong_agreement
418,418.jpg,418.jpg,True,1,1,True,True,1,0,0,0.8613749114103473,0.8613749114103473,False,strong_agreement
419,419.jpg,419.jpg,True,1,1,True,True,1,0,0,0.9653709730500604,0.9653709730500604,False,strong_agreement
420,420.jpg,420.jpg,True,1,1,True,True,1,0,0,1.0,1.0,True,strong_agreement
421,421.jpg,421.jpg,True,2,2,True,True,2,0,0,1.0,1.0,True,strong_agreement
422,422.jpg,422.jpg,True,2,2,True,True,2,0,0,1.0,1.0,True,strong_agreement
423,423.jpg,423.jpg,True,2,2,True,True,2,0,0,1.0,1.0,True,strong_agreement
424,424.jpg,424.jpg,True,3,3,True,True,3,0,0,0.9644191527274817,0.8932574581824453,False,strong_agreement
425,425.jpg,425.jpg,True,1,1,True,True,1,0,0,0.974955729825449,0.974955729825449,False,strong_agreement
426,426.jpg,426.jpg,True,1,1,True,True,1,0,0,1.0,1.0,True,strong_agreement
427,427.jpg,427.jpg,True,3,3,True,True,3,0,0,1.0,1.0,True,strong_agreement
428,428.jpg,428.jpg,True,1,1,True,True,1,0,0,0.8997188378631678,0.8997188378631678,False,strong_agreement
429,429.jpg,429.jpg,True,1,1,True,False,0,1,1,,,False,class_disagreement
430,430.jpg,430.jpg,True,3,3,True,False,2,1,1,1.0,1.0,False,class_disagreement
431,431.jpg,431.jpg,True,1,1,True,True,1,0,0,0.9746189966752296,0.9746189966752296,False,strong_agreement
432,432.jpg,432.jpg,True,1,1,True,True,1,0,0,1.0,1.0,True,strong_agreement
433,433.jpg,433.jpg,True,1,0,False,False,0,1,0,,,False,object_count_disagreement
434,434.jpg,434.jpg,True,2,2,True,True,2,0,0,0.842612419700214,0.6852248394004282,False,box_disagreement
435,435.jpg,435.jpg,True,1,1,True,True,1,0,0,1.0,1.0,True,strong_agreement
436,436.jpg,436.jpg,True,2,2,True,False,1,1,1,1.0,1.0,False,class_disagreement
437,437.jpg,437.jpg,True,1,1,True,True,1,0,0,0.9691845513097703,0.9691845513097703,False,strong_agreement
438,438.jpg,438.jpg,True,1,1,True,True,1,0,0,0.9530985508443086,0.9530985508443086,False,strong_agreement
439,439.jpg,439.jpg,True,1,1,True,True,1,0,0,1.0,1.0,True,strong_agreement
440,440.jpg,440.jpg,True,1,1,True,True,1,0,0,1.0,1.0,True,strong_agreement
441,441.jpg,441.jpg,True,1,0,False,False,0,1,0,,,False,object_count_disagreement
442,442.jpg,442.jpg,True,3,3,True,True,3,0,0,0.987407788642992,0.9622233659289758,False,strong_agreement
443,443.jpg,443.jpg,True,1,1,True,True,1,0,0,1.0,1.0,True,strong_agreement
444,444.jpg,444.jpg,True,1,1,True,True,1,0,0,1.0,1.0,True,strong_agreement
445,445.jpg,445.jpg,True,1,1,True,True,1,0,0,1.0,1.0,True,strong_agreement
446,446.jpg,446.jpg,True,1,1,True,True,1,0,0,0.7931034482758621,0.7931034482758621,False,box_disagreement
447,447.jpg,447.jpg,True,2,2,True,True,2,0,0,1.0,1.0,True,strong_agreement
448,448.jpg,448.jpg,True,1,1,True,True,1,0,0,0.8818589025755879,0.8818589025755879,False,strong_agreement
449,449.jpg,449.jpg,True,1,1,True,True,1,0,0,1.0,1.0,True,strong_agreement
450,450.jpg,450.jpg,True,1,1,True,True,1,0,0,0.9363212330156155,0.9363212330156155,False,strong_agreement
451,451.jpg,451.jpg,True,1,1,True,False,0,1,1,,,False,class_disagreement
452,452.jpg,452.jpg,True,1,1,True,True,1,0,0,1.0,1.0,True,strong_agreement
453,453.jpg,453.jpg,True,1,1,True,False,0,1,1,,,False,class_disagreement
454,454.jpg,454.jpg,True,1,1,True,True,1,0,0,0.9786799354137147,0.9786799354137147,False,strong_agreement
455,455.jpg,455.jpg,True,1,1,True,True,1,0,0,1.0,1.0,True,strong_agreement
456,456.jpg,456.jpg,True,2,2,True,False,1,1,1,1.0,1.0,False,class_disagreement
457,457.jpg,457.jpg,True,3,3,True,True,3,0,0,0.9311445508435933,0.7934336525307798,False,box_disagreement
458,458.jpg,458.jpg,True,1,1,True,True,1,0,0,1.0,1.0,True,strong_agreement
459,459.jpg,459.jpg,True,2,2,True,False,0,2,2,,,False,class_disagreement
460,460.jpg,460.jpg,True,1,1,True,True,1,0,0,1.0,1.0,True,strong_agreement
461,461.jpg,461.jpg,True,1,1,True,True,1,0,0,1.0,1.0,True,strong_agreement
462,462.jpg,462.jpg,True,4,4,True,True,4,0,0,0.9321712926137018,0.8414786967418546,False,strong_agreement
463,463.jpg,463.jpg,True,1,1,True,True,1,0,0,0.9117951370926022,0.9117951370926022,False,strong_agreement
464,464.jpg,464.jpg,True,2,2,True,True,2,0,0,1.0,1.0,True,strong_agreement
465,465.jpg,465.jpg,True,1,1,True,True,1,0,0,1.0,1.0,True,strong_agreement
466,466.jpg,466.jpg,True,1,1,True,False,0,1,1,,,False,class_disagreement
467,467.jpg,467.jpg,True,3,3,True,True,3,0,0,0.978978978978979,0.9369369369369369,False,strong_agreement
468,468.jpg,468.jpg,True,2,2,True,False,1,1,1,0.7149292149292149,0.7149292149292149,False,class_disagreement
469,469.jpg,469.jpg,True,1,1,True,True,1,0,0,0.9571287884526855,0.9571287884526855,False,strong_agreement
470,470.jpg,470.jpg,True,1,1,True,True,1,0,0,1.0,1.0,True,strong_agreement
471,471.jpg,471.jpg,True,1,1,True,True,1,0,0,1.0,1.0,True,strong_agreement
472,472.jpg,472.jpg,True,4,4,True,True,4,0,0,0.9583615309421761,0.8334461237687044,False,strong_agreement
473,473.jpg,473.jpg,True,1,1,True,True,1,0,0,0.9627364479332882,0.9627364479332882,False,strong_agreement
474,474.jpg,474.jpg,True,1,1,True,True,1,0,0,0.9851300461056559,0.9851300461056559,False,strong_agreement
475,475.jpg,475.jpg,True,3,2,False,False,2,1,0,0.9857963786186708,0.9715927572373414,False,object_count_disagreement
476,476.jpg,476.jpg,True,1,1,True,True,1,0,0,1.0,1.0,True,strong_agreement
477,477.jpg,477.jpg,True,1,1,True,True,1,0,0,1.0,1.0,True,strong_agreement
478,478.jpg,478.jpg,True,2,2,True,True,2,0,0,0.9700615556799105,0.940123111359821,False,strong_agreement
479,479.jpg,479.jpg,True,2,2,True,True,2,0,0,1.0,1.0,True,strong_agreement
480,480.jpg,480.jpg,True,3,3,True,True,3,0,0,0.9540538161228745,0.9009705136922792,False,strong_agreement
481,481.jpg,481.jpg,True,3,3,True,True,3,0,0,0.9890219848944052,0.9670659546832154,False,strong_agreement
482,482.jpg,482.jpg,True,1,1,True,True,1,0,0,0.9781420529672971,0.9781420529672971,False,strong_agreement
483,483.jpg,483.jpg,True,1,1,True,True,1,0,0,1.0,1.0,True,strong_agreement
484,484.jpg,484.jpg,True,3,3,True,False,1,2,2,0.9048723897911833,0.9048723897911833,False,class_disagreement
485,485.jpg,485.jpg,True,1,1,True,True,1,0,0,1.0,1.0,True,strong_agreement
486,486.jpg,486.jpg,True,1,1,True,True,1,0,0,0.9745579675659846,0.9745579675659846,False,strong_agreement
487,487.jpg,487.jpg,True,2,2,True,True,2,0,0,0.9348982572756892,0.9147181628392484,False,strong_agreement
488,488.jpg,488.jpg,True,1,1,True,True,1,0,0,0.9783776773555922,0.9783776773555922,False,strong_agreement
489,489.jpg,489.jpg,True,3,3,True,True,3,0,0,0.9907441688263606,0.9722325064790818,False,strong_agreement
490,490.jpg,490.jpg,True,1,1,True,False,0,1,1,,,False,class_disagreement
491,491.jpg,491.jpg,True,1,1,True,True,1,0,0,1.0,1.0,True,strong_agreement
492,492.jpg,492.jpg,True,1,1,True,True,1,0,0,0.9599110084285286,0.9599110084285286,False,strong_agreement
493,493.jpg,493.jpg,True,3,3,True,False,1,2,2,0.9678661177351227,0.9678661177351227,False,class_disagreement
494,494.jpg,494.jpg,True,2,2,True,True,2,0,0,0.9793875147232038,0.9587750294464076,False,strong_agreement
495,495.jpg,495.jpg,True,1,1,True,True,1,0,0,0.9719035181405776,0.9719035181405776,False,strong_agreement
496,496.jpg,496.jpg,True,2,2,True,True,2,0,0,0.9118802902055623,0.8237605804111245,False,strong_agreement
497,497.jpg,497.jpg,True,1,1,True,True,1,0,0,1.0,1.0,True,strong_agreement
498,498.jpg,498.jpg,True,2,2,True,True,2,0,0,0.9432172869147659,0.8864345738295318,False,strong_agreement
499,499.jpg,499.jpg,True,1,1,True,True,1,0,0,1.0,1.0,True,strong_agreement
500,500.jpg,500.jpg,True,1,1,True,True,1,0,0,1.0,1.0,True,strong_agreement
501,501.jpg,501.jpg,True,1,1,True,True,1,0,0,1.0,1.0,True,strong_agreement
502,502.jpg,502.jpg,True,1,1,True,True,1,0,0,1.0,1.0,True,strong_agreement
503,503.jpg,503.jpg,True,2,1,False,False,1,1,0,0.9621523334904707,0.9621523334904707,False,object_count_disagreement
504,504.jpg,504.jpg,True,1,1,True,True,1,0,0,0.9380185651311146,0.9380185651311146,False,strong_agreement
505,505.jpg,505.jpg,True,1,1,True,True,1,0,0,1.0,1.0,True,strong_agreement
506,506.jpg,506.jpg,True,1,1,True,True,1,0,0,1.0,1.0,True,strong_agreement
507,507.jpg,507.jpg,True,1,1,True,True,1,0,0,1.0,1.0,True,strong_agreement
508,508.jpg,508.jpg,True,1,1,True,True,1,0,0,0.9350298332398389,0.9350298332398389,False,strong_agreement
509,509.jpg,509.jpg,True,1,1,True,True,1,0,0,1.0,1.0,True,strong_agreement
510,510.jpg,510.jpg,True,2,2,True,True,2,0,0,1.0,1.0,True,strong_agreement
511,511.jpg,511.jpg,True,2,2,True,True,2,0,0,0.9450162513542795,0.890032502708559,False,strong_agreement
512,512.jpg,512.jpg,True,2,2,True,True,2,0,0,1.0,1.0,True,strong_agreement
513,513.jpg,513.jpg,True,1,1,True,True,1,0,0,0.9704900662251655,0.9704900662251655,False,strong_agreement
514,514.jpg,514.jpg,True,1,1,True,True,1,0,0,1.0,1.0,True,strong_agreement
515,515.jpg,515.jpg,True,1,1,True,True,1,0,0,1.0,1.0,True,strong_agreement
516,516.jpg,516.jpg,True,1,1,True,True,1,0,0,1.0,1.0,True,strong_agreement
517,517.jpg,517.jpg,True,1,1,True,True,1,0,0,0.9519506419045245,0.9519506419045245,False,strong_agreement
518,518.jpg,518.jpg,True,1,1,True,True,1,0,0,1.0,1.0,True,strong_agreement
519,519.jpg,519.jpg,True,1,1,True,True,1,0,0,1.0,1.0,True,strong_agreement
520,520.jpg,520.jpg,True,1,1,True,True,1,0,0,1.0,1.0,True,strong_agreement
521,521.jpg,521.jpg,True,2,2,True,True,2,0,0,0.9675878099173554,0.9351756198347108,False,strong_agreement
522,522.jpg,522.jpg,True,2,2,True,False,1,1,1,0.9730062391239761,0.9730062391239761,False,class_disagreement
523,523.jpg,523.jpg,True,1,1,True,True,1,0,0,1.0,1.0,True,strong_agreement
524,524.jpg,524.jpg,True,1,1,True,True,1,0,0,0.9515653965953683,0.9515653965953683,False,strong_agreement
525,525.jpg,525.jpg,True,1,1,True,True,1,0,0,0.9723127035830619,0.9723127035830619,False,strong_agreement
526,526.jpg,526.jpg,True,1,1,True,True,1,0,0,0.9699629011739074,0.9699629011739074,False,strong_agreement
527,527.jpg,527.jpg,True,3,3,True,True,3,0,0,0.9924996093546539,0.9774988280639617,False,strong_agreement
528,528.jpg,528.jpg,True,1,1,True,True,1,0,0,1.0,1.0,True,strong_agreement
529,529.jpg,529.jpg,True,1,1,True,True,1,0,0,1.0,1.0,True,strong_agreement
530,530.jpg,530.jpg,True,1,1,True,True,1,0,0,1.0,1.0,True,strong_agreement
531,531.jpg,531.jpg,True,1,1,True,True,1,0,0,0.9753354432035153,0.9753354432035153,False,strong_agreement
532,532.jpg,532.jpg,True,1,1,True,True,1,0,0,1.0,1.0,True,strong_agreement
533,533.jpg,533.jpg,True,1,1,True,True,1,0,0,1.0,1.0,True,strong_agreement
534,534.jpg,534.jpg,True,1,1,True,True,1,0,0,0.9481608029469862,0.9481608029469862,False,strong_agreement
535,535.jpg,535.jpg,True,1,1,True,True,1,0,0,1.0,1.0,True,strong_agreement
536,536.jpg,536.jpg,True,1,1,True,True,1,0,0,1.0,1.0,True,strong_agreement
537,537.jpg,537.jpg,True,2,2,True,True,2,0,0,1.0,1.0,True,strong_agreement
538,538.jpg,538.jpg,True,1,1,True,True,1,0,0,1.0,1.0,True,strong_agreement
539,539.jpg,539.jpg,True,2,2,True,True,2,0,0,1.0,1.0,True,strong_agreement
540,540.jpg,540.jpg,True,1,1,True,True,1,0,0,1.0,1.0,True,strong_agreement
541,541.jpg,541.jpg,True,1,1,True,True,1,0,0,1.0,1.0,True,strong_agreement
542,542.jpg,542.jpg,True,1,1,True,True,1,0,0,1.0,1.0,True,strong_agreement
543,543.jpg,543.jpg,True,5,5,True,True,5,0,0,0.9658937674657071,0.8989185941724241,False,strong_agreement
544,544.jpg,544.jpg,True,1,1,True,True,1,0,0,0.9389580093312597,0.9389580093312597,False,strong_agreement
545,545.jpg,545.jpg,True,1,1,True,True,1,0,0,0.9611937910065611,0.9611937910065611,False,strong_agreement
546,546.jpg,546.jpg,True,3,3,True,True,3,0,0,0.9429429429429429,0.8288288288288288,False,strong_agreement
547,547.jpg,547.jpg,True,1,1,True,True,1,0,0,1.0,1.0,True,strong_agreement
548,548.jpg,548.jpg,True,2,1,False,False,1,1,0,1.0,1.0,False,object_count_disagreement
549,549.jpg,549.jpg,True,1,1,True,True,1,0,0,1.0,1.0,True,strong_agreement
550,550.jpg,550.jpg,True,1,1,True,True,1,0,0,1.0,1.0,True,strong_agreement
551,551.jpg,551.jpg,True,4,4,True,True,4,0,0,0.9805172777508113,0.9473561611926392,False,strong_agreement
552,552.jpg,552.jpg,True,1,1,True,True,1,0,0,0.9835585176732968,0.9835585176732968,False,strong_agreement
553,553.jpg,553.jpg,True,1,1,True,True,1,0,0,0.9854955936650339,0.9854955936650339,False,strong_agreement
554,554.jpg,554.jpg,True,1,1,True,True,1,0,0,0.9684398554293299,0.9684398554293299,False,strong_agreement
555,555.jpg,555.jpg,True,1,1,True,True,1,0,0,1.0,1.0,True,strong_agreement
556,556.jpg,556.jpg,True,1,1,True,True,1,0,0,1.0,1.0,True,strong_agreement
557,557.jpg,557.jpg,True,1,1,True,True,1,0,0,1.0,1.0,True,strong_agreement
558,558.jpg,558.jpg,True,1,1,True,True,1,0,0,0.9831316067271123,0.9831316067271123,False,strong_agreement
559,559.jpg,559.jpg,True,3,3,True,True,3,0,0,1.0,1.0,True,strong_agreement
560,560.jpg,560.jpg,True,2,2,True,True,2,0,0,0.9673625246976827,0.9547398343838833,False,strong_agreement
561,561.jpg,561.jpg,True,1,1,True,True,1,0,0,1.0,1.0,True,strong_agreement
562,562.jpg,562.jpg,True,2,2,True,True,2,0,0,1.0,1.0,True,strong_agreement
563,563.jpg,563.jpg,True,1,1,True,True,1,0,0,1.0,1.0,True,strong_agreement
564,564.jpg,564.jpg,True,1,1,True,False,0,1,1,,,False,class_disagreement
565,565.jpg,565.jpg,True,1,1,True,True,1,0,0,0.9760229789927217,0.9760229789927217,False,strong_agreement
566,566.jpg,566.jpg,True,1,1,True,True,1,0,0,1.0,1.0,True,strong_agreement
567,567.jpg,567.jpg,True,1,1,True,True,1,0,0,0.9902503736024869,0.9902503736024869,False,strong_agreement
568,568.jpg,568.jpg,True,1,1,True,True,1,0,0,1.0,1.0,True,strong_agreement
569,569.jpg,569.jpg,True,1,0,False,False,0,1,0,,,False,object_count_disagreement
570,570.jpg,570.jpg,True,1,1,True,True,1,0,0,0.9185163551401869,0.9185163551401869,False,strong_agreement
571,571.jpg,571.jpg,True,1,1,True,True,1,0,0,1.0,1.0,True,strong_agreement
572,572.jpg,572.jpg,True,1,1,True,True,1,0,0,1.0,1.0,True,strong_agreement
573,573.jpg,573.jpg,True,2,1,False,False,1,1,0,0.9750391452519112,0.9750391452519112,False,object_count_disagreement
574,574.jpg,574.jpg,True,1,1,True,True,1,0,0,1.0,1.0,True,strong_agreement
575,575.jpg,575.jpg,True,1,1,True,True,1,0,0,1.0,1.0,True,strong_agreement
576,576.jpg,576.jpg,True,3,3,True,True,3,0,0,0.961967586937047,0.8859027608111409,False,strong_agreement
577,577.jpg,577.jpg,True,1,1,True,True,1,0,0,0.9299658703071673,0.9299658703071673,False,strong_agreement
578,578.jpg,578.jpg,True,1,1,True,True,1,0,0,1.0,1.0,True,strong_agreement
579,579.jpg,579.jpg,True,1,1,True,False,0,1,1,,,False,class_disagreement
580,580.jpg,580.jpg,True,1,1,True,True,1,0,0,0.9805732362207737,0.9805732362207737,False,strong_agreement
581,581.jpg,581.jpg,True,1,1,True,True,1,0,0,1.0,1.0,True,strong_agreement
582,582.jpg,582.jpg,True,2,2,True,True,2,0,0,1.0,1.0,True,strong_agreement
583,583.jpg,583.jpg,True,1,1,True,True,1,0,0,0.9431379485365367,0.9431379485365367,False,strong_agreement
584,584.jpg,584.jpg,True,1,1,True,True,1,0,0,1.0,1.0,True,strong_agreement
585,585.jpg,585.jpg,True,1,1,True,True,1,0,0,1.0,1.0,True,strong_agreement
586,586.jpg,586.jpg,True,1,1,True,True,1,0,0,0.9567331879926212,0.9567331879926212,False,strong_agreement
587,587.jpg,587.jpg,True,2,2,True,True,2,0,0,0.9739786892664665,0.9479573785329329,False,strong_agreement
588,588.jpg,588.jpg,True,1,1,True,True,1,0,0,1.0,1.0,True,strong_agreement
589,589.jpg,589.jpg,True,1,1,True,True,1,0,0,0.921648590021692,0.921648590021692,False,strong_agreement
590,590.jpg,590.jpg,True,1,1,True,True,1,0,0,1.0,1.0,True,strong_agreement
591,591.jpg,591.jpg,True,3,3,True,True,3,0,0,0.9890205002528494,0.9670615007585482,False,strong_agreement
592,592.jpg,592.jpg,True,1,1,True,True,1,0,0,0.9678931333489571,0.9678931333489571,False,strong_agreement
593,593.jpg,593.jpg,True,1,1,True,True,1,0,0,0.9612355980438206,0.9612355980438206,False,strong_agreement
594,594.jpg,594.jpg,True,1,1,True,True,1,0,0,1.0,1.0,True,strong_agreement
595,595.jpg,595.jpg,True,2,2,True,False,1,1,1,1.0,1.0,False,class_disagreement
596,596.jpg,596.jpg,True,1,1,True,True,1,0,0,1.0,1.0,True,strong_agreement
597,597.jpg,597.jpg,True,1,1,True,True,1,0,0,1.0,1.0,True,strong_agreement
598,598.jpg,598.jpg,True,2,2,True,True,2,0,0,1.0,1.0,True,strong_agreement
599,599.jpg,599.jpg,True,1,1,True,True,1,0,0,1.0,1.0,True,strong_agreement
600,600.jpg,600.jpg,True,1,1,True,True,1,0,0,1.0,1.0,True,strong_agreement
601,601.jpg,601.jpg,True,1,1,True,True,1,0,0,0.9632307239360136,0.9632307239360136,False,strong_agreement
602,602.jpg,602.jpg,True,1,0,False,False,0,1,0,,,False,object_count_disagreement
603,603.jpg,603.jpg,True,3,3,True,True,3,0,0,0.9929388504448524,0.9788165513345572,False,strong_agreement
604,604.jpg,604.jpg,True,1,1,True,True,1,0,0,0.9534775167263109,0.9534775167263109,False,strong_agreement
605,605.jpg,605.jpg,True,2,2,True,True,2,0,0,0.9653618336337884,0.9307236672675766,False,strong_agreement
606,606.jpg,606.jpg,True,1,1,True,True,1,0,0,1.0,1.0,True,strong_agreement
607,607.jpg,607.jpg,True,1,1,True,False,0,1,1,,,False,class_disagreement
608,608.jpg,608.jpg,True,1,1,True,True,1,0,0,1.0,1.0,True,strong_agreement
609,609.jpg,609.jpg,True,2,2,True,True,2,0,0,0.9742047657051647,0.9484095314103295,False,strong_agreement
610,610.jpg,610.jpg,True,1,1,True,True,1,0,0,1.0,1.0,True,strong_agreement
611,611.jpg,611.jpg,True,1,1,True,True,1,0,0,1.0,1.0,True,strong_agreement
612,612.jpg,612.jpg,True,1,1,True,True,1,0,0,1.0,1.0,True,strong_agreement
613,613.jpg,613.jpg,True,1,1,True,True,1,0,0,0.9890785288163086,0.9890785288163086,False,strong_agreement
614,614.jpg,614.jpg,True,1,1,True,True,1,0,0,1.0,1.0,True,strong_agreement
615,615.jpg,615.jpg,True,2,2,True,True,2,0,0,0.9890084751301771,0.9780169502603543,False,strong_agreement
616,616.jpg,616.jpg,True,1,1,True,False,0,1,1,,,False,class_disagreement
617,617.jpg,617.jpg,True,1,1,True,True,1,0,0,1.0,1.0,True,strong_agreement
618,618.jpg,618.jpg,True,1,1,True,True,1,0,0,0.9744919799561856,0.9744919799561856,False,strong_agreement
619,619.jpg,619.jpg,True,1,1,True,True,1,0,0,1.0,1.0,True,strong_agreement
620,620.jpg,620.jpg,True,1,1,True,True,1,0,0,0.9135776168157932,0.9135776168157932,False,strong_agreement
621,621.jpg,621.jpg,True,3,3,True,True,3,0,0,0.9521327154993169,0.9046961325966851,False,strong_agreement
622,622.jpg,622.jpg,True,1,1,True,True,1,0,0,1.0,1.0,True,strong_agreement
623,623.jpg,623.jpg,True,2,2,True,True,2,0,0,0.9637110578568984,0.9274221157137966,False,strong_agreement
624,624.jpg,624.jpg,True,1,0,False,False,0,1,0,,,False,object_count_disagreement
625,625.jpg,625.jpg,True,1,1,True,True,1,0,0,0.9793747114707098,0.9793747114707098,False,strong_agreement
626,626.jpg,626.jpg,True,1,1,True,True,1,0,0,0.9794034668121815,0.9794034668121815,False,strong_agreement
627,627.jpg,627.jpg,True,2,2,True,True,2,0,0,0.9785502071703593,0.9571004143407187,False,strong_agreement
628,628.jpg,628.jpg,True,2,2,True,True,2,0,0,0.9171639447236181,0.8343278894472361,False,strong_agreement
629,629.jpg,629.jpg,True,1,1,True,True,1,0,0,1.0,1.0,True,strong_agreement
630,630.jpg,630.jpg,True,1,1,True,False,0,1,1,,,False,class_disagreement
631,631.jpg,631.jpg,True,1,1,True,True,1,0,0,1.0,1.0,True,strong_agreement
632,632.jpg,632.jpg,True,1,1,True,True,1,0,0,0.9713888343477977,0.9713888343477977,False,strong_agreement
633,633.jpg,633.jpg,True,1,1,True,True,1,0,0,0.9505265249354262,0.9505265249354262,False,strong_agreement
634,634.jpg,634.jpg,True,1,1,True,True,1,0,0,1.0,1.0,True,strong_agreement
635,635.jpg,635.jpg,True,1,1,True,True,1,0,0,0.9758104180639392,0.9758104180639392,False,strong_agreement
636,636.jpg,636.jpg,True,2,2,True,True,2,0,0,0.9811350520605389,0.9622701041210776,False,strong_agreement
637,637.jpg,637.jpg,True,1,1,True,True,1,0,0,1.0,1.0,True,strong_agreement
638,638.jpg,638.jpg,True,1,1,True,True,1,0,0,1.0,1.0,True,strong_agreement
639,639.jpg,639.jpg,True,2,2,True,False,1,1,1,1.0,1.0,False,class_disagreement
640,640.jpg,640.jpg,True,1,1,True,True,1,0,0,1.0,1.0,True,strong_agreement
641,641.jpg,641.jpg,True,3,3,True,True,3,0,0,1.0,1.0,True,strong_agreement
642,642.jpg,642.jpg,True,2,2,True,True,2,0,0,0.9895151801717597,0.9790303603435194,False,strong_agreement
643,643.jpg,643.jpg,True,1,1,True,True,1,0,0,0.9203685538116592,0.9203685538116592,False,strong_agreement
644,644.jpg,644.jpg,True,1,1,True,True,1,0,0,0.8581877285656238,0.8581877285656238,False,strong_agreement
645,645.jpg,645.jpg,True,1,1,True,True,1,0,0,1.0,1.0,True,strong_agreement
646,646.jpg,646.jpg,True,1,1,True,True,1,0,0,0.8665390638594049,0.8665390638594049,False,strong_agreement
647,647.jpg,647.jpg,True,1,1,True,True,1,0,0,1.0,1.0,True,strong_agreement
648,648.jpg,648.jpg,True,2,2,True,False,1,1,1,0.965257816104191,0.965257816104191,False,class_disagreement
649,649.jpg,649.jpg,True,1,1,True,True,1,0,0,1.0,1.0,True,strong_agreement
650,650.jpg,650.jpg,True,1,1,True,True,1,0,0,0.9578734692194566,0.9578734692194566,False,strong_agreement
651,651.jpg,651.jpg,True,1,1,True,False,0,1,1,,,False,class_disagreement
652,652.jpg,652.jpg,True,2,2,True,True,2,0,0,0.9885763221250949,0.9771526442501899,False,strong_agreement
653,653.jpg,653.jpg,True,1,1,True,True,1,0,0,1.0,1.0,True,strong_agreement
654,654.jpg,654.jpg,True,1,1,True,False,0,1,1,,,False,class_disagreement
655,655.jpg,655.jpg,True,1,1,True,True,1,0,0,1.0,1.0,True,strong_agreement
656,656.jpg,656.jpg,True,1,1,True,True,1,0,0,1.0,1.0,True,strong_agreement
657,657.jpg,657.jpg,True,1,1,True,True,1,0,0,0.8442657638595006,0.8442657638595006,False,strong_agreement
658,658.jpg,658.jpg,True,1,1,True,False,0,1,1,,,False,class_disagreement
659,659.jpg,659.jpg,True,1,1,True,True,1,0,0,1.0,1.0,True,strong_agreement
660,660.jpg,660.jpg,True,2,2,True,True,2,0,0,1.0,1.0,True,strong_agreement
661,661.jpg,661.jpg,True,1,1,True,True,1,0,0,1.0,1.0,True,strong_agreement
662,662.jpg,662.jpg,True,2,2,True,True,2,0,0,0.8831907004515615,0.7896360271437385,False,box_disagreement
663,663.jpg,663.jpg,True,1,1,True,False,0,1,1,,,False,class_disagreement
664,664.jpg,664.jpg,True,2,2,True,False,1,1,1,0.9510793383795907,0.9510793383795907,False,class_disagreement
665,665.jpg,665.jpg,True,1,1,True,True,1,0,0,0.7982173335861938,0.7982173335861938,False,box_disagreement
666,666.jpg,666.jpg,True,2,2,True,False,1,1,1,1.0,1.0,False,class_disagreement
667,667.jpg,667.jpg,True,1,1,True,True,1,0,0,1.0,1.0,True,strong_agreement
668,668.jpg,668.jpg,True,1,1,True,True,1,0,0,1.0,1.0,True,strong_agreement
669,669.jpg,669.jpg,True,2,2,True,True,2,0,0,1.0,1.0,True,strong_agreement
670,670.jpg,670.jpg,True,2,2,True,True,2,0,0,0.8588235294117648,0.7176470588235294,False,box_disagreement
671,671.jpg,671.jpg,True,2,2,True,False,0,2,2,,,False,class_disagreement
672,672.jpg,672.jpg,True,3,3,True,True,3,0,0,0.9643667949856874,0.8931003849570625,False,strong_agreement
673,673.jpg,673.jpg,True,1,1,True,True,1,0,0,1.0,1.0,True,strong_agreement
674,674.jpg,674.jpg,True,1,1,True,True,1,0,0,1.0,1.0,True,strong_agreement
675,675.jpg,675.jpg,True,1,1,True,True,1,0,0,0.9660344703252326,0.9660344703252326,False,strong_agreement
676,676.jpg,676.jpg,True,2,2,True,True,2,0,0,0.9726099706744868,0.9452199413489736,False,strong_agreement
677,677.jpg,677.jpg,True,1,1,True,True,1,0,0,0.9672105011425838,0.9672105011425838,False,strong_agreement
678,678.jpg,678.jpg,True,1,0,False,False,0,1,0,,,False,object_count_disagreement
679,679.jpg,679.jpg,True,1,1,True,True,1,0,0,0.9863546659148577,0.9863546659148577,False,strong_agreement
680,680.jpg,680.jpg,True,1,1,True,True,1,0,0,1.0,1.0,True,strong_agreement
681,681.jpg,681.jpg,True,2,2,True,True,2,0,0,0.961112973516594,0.922225947033188,False,strong_agreement
682,682.jpg,682.jpg,True,2,2,True,True,2,0,0,1.0,1.0,True,strong_agreement
683,683.jpg,683.jpg,True,3,3,True,True,3,0,0,0.9857849681928846,0.9573549045786539,False,strong_agreement
684,684.jpg,684.jpg,True,2,2,True,True,2,0,0,0.9613733212809917,0.9227466425619835,False,strong_agreement
685,685.jpg,685.jpg,True,2,2,True,True,2,0,0,0.9944633409868517,0.9889266819737034,False,strong_agreement
686,686.jpg,686.jpg,True,1,1,True,True,1,0,0,1.0,1.0,True,strong_agreement
687,687.jpg,687.jpg,True,1,1,True,True,1,0,0,0.9220448575469792,0.9220448575469792,False,strong_agreement
688,688.jpg,688.jpg,True,1,1,True,True,1,0,0,1.0,1.0,True,strong_agreement
689,689.jpg,689.jpg,True,4,4,True,True,4,0,0,0.9451375559820857,0.780550223928343,False,box_disagreement
690,690.jpg,690.jpg,True,1,1,True,True,1,0,0,1.0,1.0,True,strong_agreement
691,691.jpg,691.jpg,True,1,1,True,True,1,0,0,1.0,1.0,True,strong_agreement
692,692.jpg,692.jpg,True,1,1,True,True,1,0,0,0.9832340569405634,0.9832340569405634,False,strong_agreement
693,693.jpg,693.jpg,True,1,1,True,True,1,0,0,0.971595931147099,0.971595931147099,False,strong_agreement
694,694.jpg,694.jpg,True,1,1,True,True,1,0,0,0.9854544855533226,0.9854544855533226,False,strong_agreement
695,695.jpg,695.jpg,True,2,2,True,True,2,0,0,1.0,1.0,True,strong_agreement
696,696.jpg,696.jpg,True,2,2,True,True,2,0,0,1.0,1.0,True,strong_agreement
697,697.jpg,697.jpg,True,2,2,True,True,2,0,0,1.0,1.0,True,strong_agreement
698,698.jpg,698.jpg,True,1,1,True,True,1,0,0,1.0,1.0,True,strong_agreement
699,699.jpg,699.jpg,True,1,1,True,True,1,0,0,0.957476284851167,0.957476284851167,False,strong_agreement
700,700.jpg,700.jpg,True,1,1,True,False,0,1,1,,,False,class_disagreement
701,701.jpg,701.jpg,True,1,1,True,True,1,0,0,0.9875628123882193,0.9875628123882193,False,strong_agreement
702,702.jpg,702.jpg,True,2,2,True,True,2,0,0,0.9880746009922888,0.9761492019845777,False,strong_agreement
703,703.jpg,703.jpg,True,1,1,True,True,1,0,0,1.0,1.0,True,strong_agreement
704,704.jpg,704.jpg,True,1,1,True,True,1,0,0,1.0,1.0,True,strong_agreement
705,705.jpg,705.jpg,True,1,1,True,True,1,0,0,1.0,1.0,True,strong_agreement
706,706.jpg,706.jpg,True,1,1,True,True,1,0,0,1.0,1.0,True,strong_agreement
707,707.jpg,707.jpg,True,1,1,True,True,1,0,0,1.0,1.0,True,strong_agreement
708,708.jpg,708.jpg,True,1,1,True,True,1,0,0,1.0,1.0,True,strong_agreement
709,709.jpg,709.jpg,True,1,1,True,True,1,0,0,1.0,1.0,True,strong_agreement
710,710.jpg,710.jpg,True,1,1,True,True,1,0,0,0.9847478225643103,0.9847478225643103,False,strong_agreement
711,711.jpg,711.jpg,True,1,1,True,False,0,1,1,,,False,class_disagreement
712,712.jpg,712.jpg,True,1,1,True,False,0,1,1,,,False,class_disagreement
713,713.jpg,713.jpg,True,1,1,True,True,1,0,0,0.9652243265140774,0.9652243265140774,False,strong_agreement
714,714.jpg,714.jpg,True,1,1,True,True,1,0,0,1.0,1.0,True,strong_agreement
715,715.jpg,715.jpg,True,1,1,True,True,1,0,0,1.0,1.0,True,strong_agreement
716,716.jpg,716.jpg,True,2,2,True,True,2,0,0,0.9890169943352216,0.9780339886704432,False,strong_agreement
717,717.jpg,717.jpg,True,2,2,True,True,2,0,0,0.9627967153513288,0.958113933470941,False,strong_agreement
718,718.jpg,718.jpg,True,1,1,True,True,1,0,0,1.0,1.0,True,strong_agreement
719,719.jpg,719.jpg,True,2,2,True,True,2,0,0,0.9804787413734859,0.9609574827469717,False,strong_agreement
720,720.jpg,720.jpg,True,1,1,True,True,1,0,0,1.0,1.0,True,strong_agreement
721,721.jpg,721.jpg,True,1,1,True,True,1,0,0,1.0,1.0,True,strong_agreement
722,722.jpg,722.jpg,True,1,1,True,True,1,0,0,1.0,1.0,True,strong_agreement
723,723.jpg,723.jpg,True,1,1,True,True,1,0,0,0.96973119494014,0.96973119494014,False,strong_agreement
724,724.jpg,724.jpg,True,1,1,True,True,1,0,0,1.0,1.0,True,strong_agreement
725,725.jpg,725.jpg,True,1,1,True,True,1,0,0,1.0,1.0,True,strong_agreement
726,726.jpg,726.jpg,True,1,1,True,True,1,0,0,1.0,1.0,True,strong_agreement
727,727.jpg,727.jpg,True,1,1,True,True,1,0,0,1.0,1.0,True,strong_agreement
728,728.jpg,728.jpg,True,2,2,True,True,2,0,0,0.961462774680223,0.922925549360446,False,strong_agreement
729,729.jpg,729.jpg,True,1,1,True,True,1,0,0,0.9335027530707327,0.9335027530707327,False,strong_agreement
730,730.jpg,730.jpg,True,2,2,True,False,1,1,1,1.0,1.0,False,class_disagreement
731,731.jpg,731.jpg,True,1,1,True,True,1,0,0,1.0,1.0,True,strong_agreement
732,732.jpg,732.jpg,True,1,0,False,False,0,1,0,,,False,object_count_disagreement
733,733.jpg,733.jpg,True,2,2,True,True,2,0,0,1.0,1.0,True,strong_agreement
734,734.jpg,734.jpg,True,1,0,False,False,0,1,0,,,False,object_count_disagreement
735,735.jpg,735.jpg,True,1,1,True,True,1,0,0,0.9565110148457613,0.9565110148457613,False,strong_agreement
736,736.jpg,736.jpg,True,1,1,True,True,1,0,0,1.0,1.0,True,strong_agreement
737,737.jpg,737.jpg,True,2,2,True,False,1,1,1,1.0,1.0,False,class_disagreement
738,738.jpg,738.jpg,True,1,0,False,False,0,1,0,,,False,object_count_disagreement
739,739.jpg,739.jpg,True,2,2,True,True,2,0,0,1.0,1.0,True,strong_agreement
740,740.jpg,740.jpg,True,1,1,True,True,1,0,0,1.0,1.0,True,strong_agreement
741,741.jpg,741.jpg,True,1,1,True,True,1,0,0,0.9520977277583873,0.9520977277583873,False,strong_agreement
742,742.jpg,742.jpg,True,1,1,True,True,1,0,0,1.0,1.0,True,strong_agreement
743,10.jpg,10.jpg,True,2,2,True,True,2,0,0,0.979381701573304,0.9587634031466079,False,strong_agreement
744,100.jpg,100.jpg,True,1,1,True,True,1,0,0,1.0,1.0,True,strong_agreement
745,101.jpg,101.jpg,True,1,1,True,True,1,0,0,1.0,1.0,True,strong_agreement
746,105.jpg,105.jpg,True,1,1,True,True,1,0,0,1.0,1.0,True,strong_agreement
747,106.jpg,106.jpg,True,7,6,False,False,6,1,0,0.974420990911756,0.8465259454705365,False,object_count_disagreement
748,108.jpg,108.jpg,True,3,3,True,True,3,0,0,1.0,1.0,True,strong_agreement
749,11.jpg,11.jpg,True,1,1,True,False,0,1,1,,,False,class_disagreement
750,110.jpg,110.jpg,True,1,1,True,True,1,0,0,0.9204013377926421,0.9204013377926421,False,strong_agreement
751,111.jpg,111.jpg,True,1,1,True,True,1,0,0,0.9332448242957309,0.9332448242957309,False,strong_agreement
752,115.jpg,115.jpg,True,2,2,True,True,2,0,0,0.9784404976730934,0.9568809953461868,False,strong_agreement
753,116.jpg,116.jpg,True,3,3,True,True,3,0,0,1.0,1.0,True,strong_agreement
754,754.jpg,754.jpg,True,3,3,True,False,2,1,1,1.0,1.0,False,class_disagreement
755,120.jpg,120.jpg,True,1,1,True,True,1,0,0,1.0,1.0,True,strong_agreement
756,756.jpg,756.jpg,True,1,1,True,True,1,0,0,1.0,1.0,True,strong_agreement
757,757.jpg,757.jpg,True,2,2,True,True,2,0,0,1.0,1.0,True,strong_agreement
758,123.jpg,123.jpg,True,3,3,True,True,3,0,0,1.0,1.0,True,strong_agreement
759,126.jpg,126.jpg,True,4,4,True,True,4,0,0,0.9802407612485132,0.9209630449940528,False,strong_agreement
760,760.jpg,760.jpg,True,2,2,True,True,2,0,0,1.0,1.0,True,strong_agreement
761,13.jpg,13.jpg,True,2,2,True,True,2,0,0,0.9469071582042293,0.8938143164084587,False,strong_agreement
762,130.jpg,130.jpg,True,2,2,True,True,2,0,0,0.9539476087830185,0.9078952175660371,False,strong_agreement
763,137.jpg,137.jpg,True,1,1,True,True,1,0,0,1.0,1.0,True,strong_agreement
764,14.jpg,14.jpg,True,2,2,True,False,1,1,1,1.0,1.0,False,class_disagreement
765,765.jpg,765.jpg,True,1,1,True,True,1,0,0,0.9752962085308057,0.9752962085308057,False,strong_agreement
766,144.jpg,144.jpg,True,4,4,True,True,4,0,0,0.9089109937015294,0.7977457733249843,False,box_disagreement
767,145.jpg,145.jpg,True,1,1,True,True,1,0,0,1.0,1.0,True,strong_agreement
768,146.jpg,146.jpg,True,1,1,True,True,1,0,0,0.9659879752534201,0.9659879752534201,False,strong_agreement
769,147.jpg,147.jpg,True,1,1,True,True,1,0,0,1.0,1.0,True,strong_agreement
770,149.jpg,149.jpg,True,1,1,True,True,1,0,0,1.0,1.0,True,strong_agreement
771,15.jpg,15.jpg,True,1,1,True,True,1,0,0,0.9691910157026437,0.9691910157026437,False,strong_agreement
772,150.jpg,150.jpg,True,2,2,True,True,2,0,0,0.9545165191928193,0.9090330383856388,False,strong_agreement
773,152.jpg,152.jpg,True,2,2,True,True,2,0,0,0.96670830549342,0.9334166109868401,False,strong_agreement
774,157.jpg,157.jpg,True,1,1,True,True,1,0,0,1.0,1.0,True,strong_agreement
775,158.jpg,158.jpg,True,2,2,True,True,2,0,0,0.9503995479861167,0.9007990959722334,False,strong_agreement
776,159.jpg,159.jpg,True,1,1,True,True,1,0,0,1.0,1.0,True,strong_agreement
777,160.jpg,160.jpg,True,1,1,True,True,1,0,0,0.9854834161054257,0.9854834161054257,False,strong_agreement
778,161.jpg,161.jpg,True,1,1,True,True,1,0,0,1.0,1.0,True,strong_agreement
779,166.jpg,166.jpg,True,1,1,True,True,1,0,0,1.0,1.0,True,strong_agreement
780,168.jpg,168.jpg,True,1,1,True,True,1,0,0,1.0,1.0,True,strong_agreement
781,17.jpg,17.jpg,True,1,1,True,True,1,0,0,1.0,1.0,True,strong_agreement
782,170.jpg,170.jpg,True,3,3,True,True,3,0,0,0.984591714305879,0.9537751429176371,False,strong_agreement
783,172.jpg,172.jpg,True,2,2,True,True,2,0,0,0.9703694750739136,0.9407389501478273,False,strong_agreement
784,173.jpg,173.jpg,True,1,1,True,True,1,0,0,1.0,1.0,True,strong_agreement
785,175.jpg,175.jpg,True,3,3,True,True,3,0,0,0.99200705345012,0.9760211603503599,False,strong_agreement
786,177.jpg,177.jpg,True,1,1,True,True,1,0,0,1.0,1.0,True,strong_agreement
787,787.jpg,787.jpg,True,1,1,True,True,1,0,0,1.0,1.0,True,strong_agreement
788,180.jpg,180.jpg,True,1,1,True,True,1,0,0,0.9723289597000937,0.9723289597000937,False,strong_agreement
789,182.jpg,182.jpg,True,1,1,True,True,1,0,0,0.9491425835654597,0.9491425835654597,False,strong_agreement
790,183.jpg,183.jpg,True,2,2,True,True,2,0,0,1.0,1.0,True,strong_agreement
791,186.jpg,186.jpg,True,1,1,True,True,1,0,0,1.0,1.0,True,strong_agreement
792,187.jpg,187.jpg,True,2,2,True,True,2,0,0,0.9602211055276382,0.9204422110552763,False,strong_agreement
793,189.jpg,189.jpg,True,1,1,True,True,1,0,0,1.0,1.0,True,strong_agreement
794,191.jpg,191.jpg,True,1,1,True,True,1,0,0,0.978994168873108,0.978994168873108,False,strong_agreement
795,195.jpg,195.jpg,True,1,1,True,True,1,0,0,0.9358808103512867,0.9358808103512867,False,strong_agreement
796,196.jpg,196.jpg,True,2,2,True,True,2,0,0,1.0,1.0,True,strong_agreement
797,797.jpg,797.jpg,True,1,1,True,True,1,0,0,1.0,1.0,True,strong_agreement
798,199.jpg,199.jpg,True,1,1,True,True,1,0,0,0.9656555284191829,0.9656555284191829,False,strong_agreement
799,2.jpg,2.jpg,True,1,1,True,True,1,0,0,1.0,1.0,True,strong_agreement
800,20.jpg,20.jpg,True,1,1,True,True,1,0,0,1.0,1.0,True,strong_agreement
801,205.jpg,205.jpg,True,2,2,True,True,2,0,0,0.9660138548882755,0.9320277097765509,False,strong_agreement
802,208.jpg,208.jpg,True,1,1,True,True,1,0,0,0.9489655172413793,0.9489655172413793,False,strong_agreement
803,21.jpg,21.jpg,True,1,1,True,True,1,0,0,1.0,1.0,True,strong_agreement
804,210.jpg,210.jpg,True,2,2,True,True,2,0,0,1.0,1.0,True,strong_agreement
805,211.jpg,211.jpg,True,2,2,True,True,2,0,0,1.0,1.0,True,strong_agreement
806,213.jpg,213.jpg,True,1,0,False,False,0,1,0,,,False,object_count_disagreement
807,215.jpg,215.jpg,True,1,1,True,True,1,0,0,0.9420797667199698,0.9420797667199698,False,strong_agreement
808,218.jpg,218.jpg,True,2,2,True,True,2,0,0,1.0,1.0,True,strong_agreement
809,809.jpg,809.jpg,True,1,1,True,True,1,0,0,1.0,1.0,True,strong_agreement
810,220.jpg,220.jpg,True,2,2,True,True,2,0,0,1.0,1.0,True,strong_agreement
811,221.jpg,221.jpg,True,2,2,True,True,2,0,0,0.9598659093025421,0.9197318186050842,False,strong_agreement
812,224.jpg,224.jpg,True,1,1,True,True,1,0,0,1.0,1.0,True,strong_agreement
813,226.jpg,226.jpg,True,1,1,True,True,1,0,0,1.0,1.0,True,strong_agreement
814,227.jpg,227.jpg,True,1,1,True,True,1,0,0,0.9209929721151666,0.9209929721151666,False,strong_agreement
815,230.jpg,230.jpg,True,2,2,True,False,1,1,1,0.9534430489389346,0.9534430489389346,False,class_disagreement
816,231.jpg,231.jpg,True,1,1,True,True,1,0,0,1.0,1.0,True,strong_agreement
817,232.jpg,232.jpg,True,1,1,True,True,1,0,0,1.0,1.0,True,strong_agreement
818,818.jpg,818.jpg,True,5,5,True,True,5,0,0,0.9436506778140565,0.8311284046692607,False,strong_agreement
819,235.jpg,235.jpg,True,1,1,True,True,1,0,0,1.0,1.0,True,strong_agreement
820,237.jpg,237.jpg,True,2,2,True,True,2,0,0,1.0,1.0,True,strong_agreement
821,238.jpg,238.jpg,True,2,2,True,True,2,0,0,0.9663341645885286,0.9326683291770573,False,strong_agreement
822,239.jpg,239.jpg,True,2,2,True,True,2,0,0,0.9819819819819819,0.963963963963964,False,strong_agreement
823,241.jpg,241.jpg,True,1,1,True,True,1,0,0,1.0,1.0,True,strong_agreement
824,824.jpg,824.jpg,True,1,1,True,True,1,0,0,0.9323605191552891,0.9323605191552891,False,strong_agreement
825,244.jpg,244.jpg,True,1,1,True,True,1,0,0,0.8882890365448505,0.8882890365448505,False,strong_agreement
826,251.jpg,251.jpg,True,3,3,True,True,3,0,0,0.9909094524649588,0.9727283573948763,False,strong_agreement
827,827.jpg,827.jpg,True,6,6,True,False,5,1,1,0.9624430890429577,0.8869725900831537,False,class_disagreement
828,258.jpg,258.jpg,True,1,1,True,True,1,0,0,1.0,1.0,True,strong_agreement
829,259.jpg,259.jpg,True,1,1,True,True,1,0,0,0.9289350934422731,0.9289350934422731,False,strong_agreement
830,262.jpg,262.jpg,True,1,0,False,False,0,1,0,,,False,object_count_disagreement
831,263.jpg,263.jpg,True,2,2,True,True,2,0,0,0.961804764724639,0.923609529449278,False,strong_agreement
832,264.jpg,264.jpg,True,1,1,True,True,1,0,0,1.0,1.0,True,strong_agreement
833,265.jpg,265.jpg,True,2,2,True,True,2,0,0,1.0,1.0,True,strong_agreement
834,834.jpg,834.jpg,True,1,1,True,True,1,0,0,1.0,1.0,True,strong_agreement
835,835.jpg,835.jpg,True,1,1,True,True,1,0,0,1.0,1.0,True,strong_agreement
836,278.jpg,278.jpg,True,2,2,True,True,2,0,0,0.9829191415535999,0.9658382831071999,False,strong_agreement
837,28.jpg,28.jpg,True,1,1,True,True,1,0,0,1.0,1.0,True,strong_agreement
838,284.jpg,284.jpg,True,1,1,True,True,1,0,0,1.0,1.0,True,strong_agreement
839,839.jpg,839.jpg,True,2,2,True,True,2,0,0,0.9005533854166667,0.8011067708333334,False,strong_agreement
840,286.jpg,286.jpg,True,1,1,True,True,1,0,0,1.0,1.0,True,strong_agreement
841,287.jpg,287.jpg,True,1,0,False,False,0,1,0,,,False,object_count_disagreement
842,288.jpg,288.jpg,True,1,1,True,True,1,0,0,1.0,1.0,True,strong_agreement
843,290.jpg,290.jpg,True,1,1,True,True,1,0,0,1.0,1.0,True,strong_agreement
844,297.jpg,297.jpg,True,2,2,True,True,2,0,0,1.0,1.0,True,strong_agreement
845,298.jpg,298.jpg,True,2,2,True,True,2,0,0,0.9808073828046633,0.9616147656093266,False,strong_agreement
846,301.jpg,301.jpg,True,1,1,True,True,1,0,0,1.0,1.0,True,strong_agreement
847,303.jpg,303.jpg,True,2,2,True,True,2,0,0,0.9945501287268189,0.9891002574536378,False,strong_agreement
848,304.jpg,304.jpg,True,1,1,True,True,1,0,0,1.0,1.0,True,strong_agreement
849,305.jpg,305.jpg,True,2,2,True,True,2,0,0,1.0,1.0,True,strong_agreement
850,307.jpg,307.jpg,True,2,2,True,True,2,0,0,0.9797611147976111,0.9595222295952223,False,strong_agreement
851,851.jpg,851.jpg,True,5,5,True,True,5,0,0,1.0,1.0,True,strong_agreement
852,313.jpg,313.jpg,True,2,2,True,False,1,1,1,1.0,1.0,False,class_disagreement
853,314.jpg,314.jpg,True,2,2,True,True,2,0,0,0.946483704974271,0.8929674099485421,False,strong_agreement
854,316.jpg,316.jpg,True,1,1,True,True,1,0,0,0.951977912555445,0.951977912555445,False,strong_agreement
855,318.jpg,318.jpg,True,1,1,True,True,1,0,0,0.9335744820782638,0.9335744820782638,False,strong_agreement
856,319.jpg,319.jpg,True,3,3,True,False,2,1,1,0.9789058777667086,0.957811755533417,False,class_disagreement
857,32.jpg,32.jpg,True,2,2,True,True,2,0,0,0.9768510252571727,0.9537020505143453,False,strong_agreement
858,322.jpg,322.jpg,True,1,1,True,True,1,0,0,1.0,1.0,True,strong_agreement
859,325.jpg,325.jpg,True,3,3,True,True,3,0,0,0.9527426073060293,0.9060122955090132,False,strong_agreement
860,860.jpg,860.jpg,True,5,5,True,False,4,1,1,0.8565737473812524,0.7392996108949417,False,class_disagreement
861,330.jpg,330.jpg,True,1,1,True,True,1,0,0,1.0,1.0,True,strong_agreement
862,332.jpg,332.jpg,True,1,1,True,True,1,0,0,0.9450467099789789,0.9450467099789789,False,strong_agreement
863,863.jpg,863.jpg,True,1,1,True,True,1,0,0,1.0,1.0,True,strong_agreement
864,864.jpg,864.jpg,True,1,1,True,True,1,0,0,1.0,1.0,True,strong_agreement
865,339.jpg,339.jpg,True,1,1,True,True,1,0,0,0.9301032301032301,0.9301032301032301,False,strong_agreement
866,340.jpg,340.jpg,True,2,2,True,True,2,0,0,0.9812492606175323,0.9624985212350645,False,strong_agreement
867,342.jpg,342.jpg,True,1,1,True,True,1,0,0,0.964663608345524,0.964663608345524,False,strong_agreement
868,343.jpg,343.jpg,True,1,1,True,True,1,0,0,1.0,1.0,True,strong_agreement
869,348.jpg,348.jpg,True,2,2,True,True,2,0,0,1.0,1.0,True,strong_agreement
870,35.jpg,35.jpg,True,2,2,True,True,2,0,0,0.9731005180409669,0.9696523471054097,False,strong_agreement
871,871.jpg,871.jpg,True,2,2,True,True,2,0,0,1.0,1.0,True,strong_agreement
872,352.jpg,352.jpg,True,1,1,True,True,1,0,0,1.0,1.0,True,strong_agreement
873,353.jpg,353.jpg,True,1,1,True,True,1,0,0,1.0,1.0,True,strong_agreement
874,874.jpg,874.jpg,True,1,1,True,True,1,0,0,1.0,1.0,True,strong_agreement
875,875.jpg,875.jpg,True,2,2,True,True,2,0,0,1.0,1.0,True,strong_agreement
876,360.jpg,360.jpg,True,1,1,True,True,1,0,0,1.0,1.0,True,strong_agreement
877,363.jpg,363.jpg,True,1,1,True,True,1,0,0,0.9721157855029879,0.9721157855029879,False,strong_agreement
878,878.jpg,878.jpg,True,1,1,True,True,1,0,0,1.0,1.0,True,strong_agreement
879,369.jpg,369.jpg,True,1,1,True,True,1,0,0,1.0,1.0,True,strong_agreement
880,880.jpg,880.jpg,True,1,1,True,True,1,0,0,0.9676470588235294,0.9676470588235294,False,strong_agreement
881,370.jpg,370.jpg,True,3,3,True,True,3,0,0,1.0,1.0,True,strong_agreement
882,373.jpg,373.jpg,True,1,1,True,True,1,0,0,1.0,1.0,True,strong_agreement
883,883.jpg,883.jpg,True,2,2,True,True,2,0,0,0.8994991776174932,0.8621643257404846,False,strong_agreement
884,379.jpg,379.jpg,True,2,2,True,False,1,1,1,1.0,1.0,False,class_disagreement
885,885.jpg,885.jpg,True,2,2,True,True,2,0,0,0.9347024166850284,0.8994689946899469,False,strong_agreement
886,886.jpg,886.jpg,True,1,1,True,False,0,1,1,,,False,class_disagreement
887,384.jpg,384.jpg,True,1,1,True,True,1,0,0,1.0,1.0,True,strong_agreement
888,387.jpg,387.jpg,True,1,1,True,True,1,0,0,0.9719230769230769,0.9719230769230769,False,strong_agreement
889,388.jpg,388.jpg,True,1,1,True,True,1,0,0,1.0,1.0,True,strong_agreement
890,389.jpg,389.jpg,True,1,1,True,True,1,0,0,1.0,1.0,True,strong_agreement
891,39.jpg,39.jpg,True,1,1,True,True,1,0,0,0.9882419334513158,0.9882419334513158,False,strong_agreement
892,391.jpg,391.jpg,True,1,1,True,True,1,0,0,1.0,1.0,True,strong_agreement
893,893.jpg,893.jpg,True,1,1,True,True,1,0,0,1.0,1.0,True,strong_agreement
894,894.jpg,894.jpg,True,1,1,True,True,1,0,0,1.0,1.0,True,strong_agreement
895,895.jpg,895.jpg,True,2,2,True,True,2,0,0,0.9677483043761033,0.9354966087522066,False,strong_agreement
896,40.jpg,40.jpg,True,1,1,True,True,1,0,0,1.0,1.0,True,strong_agreement
897,400.jpg,400.jpg,True,1,1,True,True,1,0,0,1.0,1.0,True,strong_agreement
898,898.jpg,898.jpg,True,2,2,True,True,2,0,0,1.0,1.0,True,strong_agreement
899,405.jpg,405.jpg,True,1,1,True,True,1,0,0,0.982633414849113,0.982633414849113,False,strong_agreement
900,406.jpg,406.jpg,True,1,1,True,False,0,1,1,,,False,class_disagreement
901,407.jpg,407.jpg,True,1,1,True,True,1,0,0,1.0,1.0,True,strong_agreement
902,411.jpg,411.jpg,True,2,2,True,False,1,1,1,0.9380530973451328,0.9380530973451328,False,class_disagreement
903,418.jpg,418.jpg,True,1,1,True,True,1,0,0,0.9405880569869658,0.9405880569869658,False,strong_agreement
904,426.jpg,426.jpg,True,1,1,True,True,1,0,0,1.0,1.0,True,strong_agreement
905,427.jpg,427.jpg,True,3,3,True,True,3,0,0,0.9172658917276721,0.8194912301080265,False,strong_agreement
906,431.jpg,431.jpg,True,1,1,True,True,1,0,0,1.0,1.0,True,strong_agreement
907,432.jpg,432.jpg,True,1,1,True,True,1,0,0,1.0,1.0,True,strong_agreement
908,435.jpg,435.jpg,True,1,1,True,True,1,0,0,1.0,1.0,True,strong_agreement
909,436.jpg,436.jpg,True,2,2,True,True,2,0,0,1.0,1.0,True,strong_agreement
910,439.jpg,439.jpg,True,1,1,True,True,1,0,0,1.0,1.0,True,strong_agreement
911,440.jpg,440.jpg,True,1,1,True,True,1,0,0,1.0,1.0,True,strong_agreement
912,444.jpg,444.jpg,True,1,1,True,True,1,0,0,1.0,1.0,True,strong_agreement
913,447.jpg,447.jpg,True,2,2,True,True,2,0,0,1.0,1.0,True,strong_agreement
914,45.jpg,45.jpg,True,2,2,True,True,2,0,0,0.969808251589688,0.939616503179376,False,strong_agreement
915,451.jpg,451.jpg,True,1,1,True,False,0,1,1,,,False,class_disagreement
916,452.jpg,452.jpg,True,1,1,True,True,1,0,0,1.0,1.0,True,strong_agreement
917,456.jpg,456.jpg,True,2,2,True,True,2,0,0,0.9324546952224053,0.8649093904448105,False,strong_agreement
918,457.jpg,457.jpg,True,3,3,True,True,3,0,0,1.0,1.0,True,strong_agreement
919,459.jpg,459.jpg,True,2,2,True,True,2,0,0,1.0,1.0,True,strong_agreement
920,920.jpg,920.jpg,True,1,1,True,True,1,0,0,0.9079880552444942,0.9079880552444942,False,strong_agreement
921,460.jpg,460.jpg,True,1,1,True,True,1,0,0,0.9576921732850303,0.9576921732850303,False,strong_agreement
922,461.jpg,461.jpg,True,1,1,True,True,1,0,0,1.0,1.0,True,strong_agreement
923,923.jpg,923.jpg,True,1,1,True,True,1,0,0,1.0,1.0,True,strong_agreement
924,466.jpg,466.jpg,True,1,1,True,True,1,0,0,0.9096547255392021,0.9096547255392021,False,strong_agreement
925,476.jpg,476.jpg,True,1,1,True,True,1,0,0,1.0,1.0,True,strong_agreement
926,477.jpg,477.jpg,True,1,1,True,True,1,0,0,0.8782735918068764,0.8782735918068764,False,strong_agreement
927,479.jpg,479.jpg,True,2,2,True,True,2,0,0,0.9602630074328187,0.9205260148656375,False,strong_agreement
928,482.jpg,482.jpg,True,1,1,True,False,0,1,1,,,False,class_disagreement
929,485.jpg,485.jpg,True,1,1,True,True,1,0,0,1.0,1.0,True,strong_agreement
930,49.jpg,49.jpg,True,1,1,True,True,1,0,0,1.0,1.0,True,strong_agreement
931,490.jpg,490.jpg,True,1,1,True,True,1,0,0,1.0,1.0,True,strong_agreement
932,932.jpg,932.jpg,True,1,1,True,True,1,0,0,1.0,1.0,True,strong_agreement
933,492.jpg,492.jpg,True,1,1,True,True,1,0,0,1.0,1.0,True,strong_agreement
934,499.jpg,499.jpg,True,1,1,True,True,1,0,0,0.9594704302754012,0.9594704302754012,False,strong_agreement
935,5.jpg,5.jpg,True,3,3,True,True,3,0,0,0.9649172657163892,0.9432880067023265,False,strong_agreement
936,504.jpg,504.jpg,True,1,1,True,True,1,0,0,0.9585762421778895,0.9585762421778895,False,strong_agreement
937,505.jpg,505.jpg,True,1,1,True,True,1,0,0,1.0,1.0,True,strong_agreement
938,509.jpg,509.jpg,True,1,1,True,True,1,0,0,0.9732594286531006,0.9732594286531006,False,strong_agreement
939,513.jpg,513.jpg,True,1,1,True,True,1,0,0,1.0,1.0,True,strong_agreement
940,514.jpg,514.jpg,True,1,1,True,True,1,0,0,1.0,1.0,True,strong_agreement
941,515.jpg,515.jpg,True,1,0,False,False,0,1,0,,,False,object_count_disagreement
942,516.jpg,516.jpg,True,1,1,True,True,1,0,0,1.0,1.0,True,strong_agreement
943,52.jpg,52.jpg,True,1,1,True,True,1,0,0,1.0,1.0,True,strong_agreement
944,522.jpg,522.jpg,True,2,2,True,True,2,0,0,1.0,1.0,True,strong_agreement
945,945.jpg,945.jpg,True,1,1,True,True,1,0,0,1.0,1.0,True,strong_agreement
946,528.jpg,528.jpg,True,1,1,True,True,1,0,0,1.0,1.0,True,strong_agreement
947,529.jpg,529.jpg,True,1,1,True,True,1,0,0,1.0,1.0,True,strong_agreement
948,531.jpg,531.jpg,True,1,1,True,True,1,0,0,0.9797913305367323,0.9797913305367323,False,strong_agreement
949,532.jpg,532.jpg,True,1,1,True,True,1,0,0,1.0,1.0,True,strong_agreement
950,535.jpg,535.jpg,True,1,1,True,True,1,0,0,1.0,1.0,True,strong_agreement
951,540.jpg,540.jpg,True,1,1,True,True,1,0,0,1.0,1.0,True,strong_agreement
952,543.jpg,543.jpg,True,1,1,True,True,1,0,0,1.0,1.0,True,strong_agreement
953,544.jpg,544.jpg,True,1,1,True,True,1,0,0,0.9559989173723079,0.9559989173723079,False,strong_agreement
954,547.jpg,547.jpg,True,1,1,True,True,1,0,0,1.0,1.0,True,strong_agreement
955,955.jpg,955.jpg,True,1,1,True,True,1,0,0,1.0,1.0,True,strong_agreement
956,956.jpg,956.jpg,True,4,4,True,False,3,1,1,1.0,1.0,False,class_disagreement
957,554.jpg,554.jpg,True,1,1,True,True,1,0,0,1.0,1.0,True,strong_agreement
958,557.jpg,557.jpg,True,1,1,True,True,1,0,0,0.9552947052947053,0.9552947052947053,False,strong_agreement
959,561.jpg,561.jpg,True,1,0,False,False,0,1,0,,,False,object_count_disagreement
960,562.jpg,562.jpg,True,2,1,False,False,1,1,0,0.8996688741721854,0.8996688741721854,False,object_count_disagreement
961,565.jpg,565.jpg,True,1,1,True,True,1,0,0,0.9717106304244623,0.9717106304244623,False,strong_agreement
962,566.jpg,566.jpg,True,1,1,True,True,1,0,0,1.0,1.0,True,strong_agreement
963,963.jpg,963.jpg,True,1,1,True,True,1,0,0,1.0,1.0,True,strong_agreement
964,570.jpg,570.jpg,True,1,1,True,True,1,0,0,1.0,1.0,True,strong_agreement
965,965.jpg,965.jpg,True,1,0,False,False,0,1,0,,,False,object_count_disagreement
966,576.jpg,576.jpg,True,3,3,True,True,3,0,0,1.0,1.0,True,strong_agreement
967,577.jpg,577.jpg,True,1,1,True,True,1,0,0,1.0,1.0,True,strong_agreement
968,968.jpg,968.jpg,True,1,1,True,True,1,0,0,1.0,1.0,True,strong_agreement
969,969.jpg,969.jpg,True,1,1,True,True,1,0,0,1.0,1.0,True,strong_agreement
970,580.jpg,580.jpg,True,1,1,True,True,1,0,0,1.0,1.0,True,strong_agreement
971,581.jpg,581.jpg,True,1,1,True,True,1,0,0,1.0,1.0,True,strong_agreement
972,588.jpg,588.jpg,True,1,1,True,True,1,0,0,0.9801937560089734,0.9801937560089734,False,strong_agreement
973,589.jpg,589.jpg,True,1,1,True,True,1,0,0,1.0,1.0,True,strong_agreement
974,974.jpg,974.jpg,True,3,3,True,True,3,0,0,1.0,1.0,True,strong_agreement
975,595.jpg,595.jpg,True,2,2,True,True,2,0,0,1.0,1.0,True,strong_agreement
976,596.jpg,596.jpg,True,1,1,True,True,1,0,0,1.0,1.0,True,strong_agreement
977,598.jpg,598.jpg,True,2,2,True,True,2,0,0,0.9618943472409152,0.9237886944818304,False,strong_agreement
978,599.jpg,599.jpg,True,1,1,True,True,1,0,0,1.0,1.0,True,strong_agreement
979,6.jpg,6.jpg,True,1,1,True,True,1,0,0,1.0,1.0,True,strong_agreement
980,980.jpg,980.jpg,True,3,3,True,True,3,0,0,0.9838098612663195,0.9514295837989588,False,strong_agreement
981,609.jpg,609.jpg,True,2,2,True,False,1,1,1,0.981803580522584,0.981803580522584,False,class_disagreement
982,612.jpg,612.jpg,True,1,1,True,True,1,0,0,1.0,1.0,True,strong_agreement
983,613.jpg,613.jpg,True,1,1,True,True,1,0,0,1.0,1.0,True,strong_agreement
984,984.jpg,984.jpg,True,1,1,True,True,1,0,0,1.0,1.0,True,strong_agreement
985,618.jpg,618.jpg,True,1,1,True,True,1,0,0,1.0,1.0,True,strong_agreement
986,986.jpg,986.jpg,True,1,1,True,True,1,0,0,1.0,1.0,True,strong_agreement
987,62.jpg,62.jpg,True,1,1,True,True,1,0,0,1.0,1.0,True,strong_agreement
988,620.jpg,620.jpg,True,1,1,True,True,1,0,0,1.0,1.0,True,strong_agreement
989,621.jpg,621.jpg,True,3,3,True,False,2,1,1,1.0,1.0,False,class_disagreement
990,624.jpg,624.jpg,True,1,1,True,True,1,0,0,1.0,1.0,True,strong_agreement
991,628.jpg,628.jpg,True,2,2,True,True,2,0,0,0.9601792458485703,0.9203584916971405,False,strong_agreement
992,992.jpg,992.jpg,True,1,1,True,True,1,0,0,0.9780870595202843,0.9780870595202843,False,strong_agreement
993,630.jpg,630.jpg,True,1,1,True,True,1,0,0,1.0,1.0,True,strong_agreement
994,632.jpg,632.jpg,True,1,1,True,True,1,0,0,0.9741396864182448,0.9741396864182448,False,strong_agreement
995,636.jpg,636.jpg,True,2,2,True,True,2,0,0,1.0,1.0,True,strong_agreement
996,637.jpg,637.jpg,True,1,1,True,True,1,0,0,0.9832024879922295,0.9832024879922295,False,strong_agreement
997,997.jpg,997.jpg,True,1,1,True,True,1,0,0,1.0,1.0,True,strong_agreement
998,998.jpg,998.jpg,True,1,1,True,True,1,0,0,1.0,1.0,True,strong_agreement
999,640.jpg,640.jpg,True,1,1,True,True,1,0,0,1.0,1.0,True,strong_agreement
1000,642.jpg,642.jpg,True,2,2,True,True,2,0,0,0.9716940479396714,0.9433880958793428,False,strong_agreement
1001,645.jpg,645.jpg,True,1,1,True,True,1,0,0,1.0,1.0,True,strong_agreement
1002,1002.jpg,1002.jpg,True,1,1,True,True,1,0,0,1.0,1.0,True,strong_agreement
1003,651.jpg,651.jpg,True,1,1,True,True,1,0,0,1.0,1.0,True,strong_agreement
1004,1004.jpg,1004.jpg,True,2,2,True,True,2,0,0,1.0,1.0,True,strong_agreement
1005,656.jpg,656.jpg,True,1,1,True,True,1,0,0,1.0,1.0,True,strong_agreement
1006,659.jpg,659.jpg,True,1,1,True,True,1,0,0,1.0,1.0,True,strong_agreement
1007,1007.jpg,1007.jpg,True,1,1,True,True,1,0,0,1.0,1.0,True,strong_agreement
1008,1008.jpg,1008.jpg,True,1,1,True,True,1,0,0,1.0,1.0,True,strong_agreement
1009,664.jpg,664.jpg,True,2,2,True,True,2,0,0,1.0,1.0,True,strong_agreement
1010,1010.jpg,1010.jpg,True,1,1,True,True,1,0,0,1.0,1.0,True,strong_agreement
1011,668.jpg,668.jpg,True,1,1,True,True,1,0,0,1.0,1.0,True,strong_agreement
1012,67.jpg,67.jpg,True,1,1,True,True,1,0,0,1.0,1.0,True,strong_agreement
1013,674.jpg,674.jpg,True,1,1,True,True,1,0,0,1.0,1.0,True,strong_agreement
1014,676.jpg,676.jpg,True,2,2,True,True,2,0,0,1.0,1.0,True,strong_agreement
1015,679.jpg,679.jpg,True,1,0,False,False,0,1,0,,,False,object_count_disagreement
1016,680.jpg,680.jpg,True,1,1,True,False,0,1,1,,,False,class_disagreement
1017,1017.jpg,1017.jpg,True,2,2,True,True,2,0,0,1.0,1.0,True,strong_agreement
1018,683.jpg,683.jpg,True,3,3,True,True,3,0,0,0.9782001117942984,0.9346003353828954,False,strong_agreement
1019,1019.jpg,1019.jpg,True,1,1,True,True,1,0,0,1.0,1.0,True,strong_agreement
1020,687.jpg,687.jpg,True,1,1,True,True,1,0,0,1.0,1.0,True,strong_agreement
1021,688.jpg,688.jpg,True,1,1,True,True,1,0,0,1.0,1.0,True,strong_agreement
1022,689.jpg,689.jpg,True,3,3,True,True,3,0,0,0.9495152123035774,0.8485456369107321,False,strong_agreement
1023,690.jpg,690.jpg,True,1,1,True,True,1,0,0,1.0,1.0,True,strong_agreement
1024,691.jpg,691.jpg,True,1,1,True,True,1,0,0,1.0,1.0,True,strong_agreement
1025,693.jpg,693.jpg,True,1,1,True,True,1,0,0,0.9802420294116524,0.9802420294116524,False,strong_agreement
1026,696.jpg,696.jpg,True,2,2,True,True,2,0,0,1.0,1.0,True,strong_agreement
1027,698.jpg,698.jpg,True,1,1,True,True,1,0,0,1.0,1.0,True,strong_agreement
1028,699.jpg,699.jpg,True,1,1,True,True,1,0,0,0.955833186697167,0.955833186697167,False,strong_agreement
1029,700.jpg,700.jpg,True,1,1,True,True,1,0,0,1.0,1.0,True,strong_agreement
1030,701.jpg,701.jpg,True,1,1,True,True,1,0,0,1.0,1.0,True,strong_agreement
1031,704.jpg,704.jpg,True,1,1,True,True,1,0,0,1.0,1.0,True,strong_agreement
1032,706.jpg,706.jpg,True,1,1,True,True,1,0,0,1.0,1.0,True,strong_agreement
1033,708.jpg,708.jpg,True,1,1,True,True,1,0,0,1.0,1.0,True,strong_agreement
1034,709.jpg,709.jpg,True,1,1,True,True,1,0,0,1.0,1.0,True,strong_agreement
1035,71.jpg,71.jpg,True,1,1,True,True,1,0,0,1.0,1.0,True,strong_agreement
1036,710.jpg,710.jpg,True,1,1,True,True,1,0,0,1.0,1.0,True,strong_agreement
1037,712.jpg,712.jpg,True,1,1,True,True,1,0,0,1.0,1.0,True,strong_agreement
1038,713.jpg,713.jpg,True,1,0,False,False,0,1,0,,,False,object_count_disagreement
1039,715.jpg,715.jpg,True,1,1,True,True,1,0,0,0.9701927758008904,0.9701927758008904,False,strong_agreement
1040,716.jpg,716.jpg,True,2,2,True,True,2,0,0,1.0,1.0,True,strong_agreement
1041,717.jpg,717.jpg,True,2,2,True,True,2,0,0,0.9780690357088719,0.956138071417744,False,strong_agreement
1042,72.jpg,72.jpg,True,1,1,True,True,1,0,0,1.0,1.0,True,strong_agreement
1043,722.jpg,722.jpg,True,1,1,True,True,1,0,0,1.0,1.0,True,strong_agreement
1044,723.jpg,723.jpg,True,1,1,True,True,1,0,0,1.0,1.0,True,strong_agreement
1045,727.jpg,727.jpg,True,1,1,True,True,1,0,0,1.0,1.0,True,strong_agreement
1046,1046.jpg,1046.jpg,True,1,1,True,True,1,0,0,1.0,1.0,True,strong_agreement
1047,731.jpg,731.jpg,True,1,0,False,False,0,1,0,,,False,object_count_disagreement
1048,1048.jpg,1048.jpg,True,1,1,True,True,1,0,0,1.0,1.0,True,strong_agreement
1049,733.jpg,733.jpg,True,2,2,True,True,2,0,0,1.0,1.0,True,strong_agreement
1050,735.jpg,735.jpg,True,1,1,True,True,1,0,0,1.0,1.0,True,strong_agreement
1051,74.jpg,74.jpg,True,1,1,True,True,1,0,0,1.0,1.0,True,strong_agreement
1052,75.jpg,75.jpg,True,2,2,True,True,2,0,0,0.9411441104137664,0.9107429182255479,False,strong_agreement
1053,76.jpg,76.jpg,True,1,1,True,True,1,0,0,1.0,1.0,True,strong_agreement
1054,78.jpg,78.jpg,True,1,1,True,True,1,0,0,0.9437886453063519,0.9437886453063519,False,strong_agreement
1055,8.jpg,8.jpg,True,1,1,True,True,1,0,0,1.0,1.0,True,strong_agreement
1056,84.jpg,84.jpg,True,1,1,True,True,1,0,0,1.0,1.0,True,strong_agreement
1057,85.jpg,85.jpg,True,1,1,True,True,1,0,0,1.0,1.0,True,strong_agreement
1058,89.jpg,89.jpg,True,2,2,True,True,2,0,0,0.981498999054051,0.9629979981081022,False,strong_agreement
1059,9.jpg,9.jpg,True,1,1,True,True,1,0,0,0.9611525704809287,0.9611525704809287,False,strong_agreement
1060,1060.jpg,1060.jpg,True,3,3,True,True,3,0,0,0.9560830471078393,0.9185109877219051,False,strong_agreement
1061,1061.jpg,1061.jpg,True,1,1,True,True,1,0,0,0.976555360281195,0.976555360281195,False,strong_agreement
1062,94.jpg,94.jpg,True,2,2,True,True,2,0,0,0.9700138739823565,0.940027747964713,False,strong_agreement
1063,1063.jpg,1063.jpg,True,2,2,True,True,2,0,0,0.9767445305209521,0.9534890610419042,False,strong_agreement
1064,1064.jpg,1064.jpg,True,1,1,True,True,1,0,0,1.0,1.0,True,strong_agreement
