method,condition_id,corruption_family,severity,parameter,replicate_count,standard_deviation,macro_f1,macro_f1_sample_sd,balanced_accuracy,balanced_accuracy_sample_sd,accuracy,accuracy_sample_sd,macro_precision,macro_recall,absolute_drop,retention_percent,relative_loss_percent,prediction_flip_rate,harmful_flip_count,beneficial_flip_count,method_name,condition_design,inference
hog,clean,clean,clean,original_phase3_png,1,N/A,0.47798778741419395,,0.4577658672896768,,0.5308641975308642,,0.5930411778237864,0.4577658672896768,0.0,100.0,0.0,0.0,0.0,0.0,HOG + SVM,fixed synthetic grid point,descriptive only
hog,gaussian_blur_mild,gaussian_blur,mild,0.75,1,N/A,0.45435120435120435,,0.4494388327721661,,0.5370370370370371,,0.58920705887919,0.4494388327721661,-0.023636583062989602,95.05498180385356,4.9450181961464335,0.04938271604938271,2.0,3.0,HOG + SVM,fixed synthetic grid point,descriptive only
hog,gaussian_blur_moderate,gaussian_blur,moderate,1.5,1,N/A,0.4506642474521607,,0.4667605762843858,,0.5370370370370371,,0.6221720488961868,0.4667605762843858,-0.02732353996203324,94.28363220118082,5.716367798819178,0.22839506172839505,13.0,14.0,HOG + SVM,fixed synthetic grid point,descriptive only
hog,gaussian_blur_severe,gaussian_blur,severe,3.0,1,N/A,0.3514353569034922,,0.4129801415515701,,0.49382716049382713,,0.4718289856587729,0.4129801415515701,-0.12655243051070175,73.52391968101908,26.47608031898092,0.41358024691358025,24.0,18.0,HOG + SVM,fixed synthetic grid point,descriptive only
hog,resolution_mild,resolution,mild,168,1,N/A,0.467346191828921,,0.47097849240706385,,0.5679012345679012,,0.6168916523755233,0.47097849240706385,-0.010641595585272945,97.77366789163348,2.2263321083665244,0.12962962962962962,4.0,10.0,HOG + SVM,fixed synthetic grid point,descriptive only
hog,resolution_moderate,resolution,moderate,112,1,N/A,0.46516418026855466,,0.4813337456194599,,0.5679012345679012,,0.6532560032560032,0.4813337456194599,-0.012823607145639293,97.31716845423769,2.6828315457623098,0.21604938271604937,10.0,16.0,HOG + SVM,fixed synthetic grid point,descriptive only
hog,resolution_severe,resolution,severe,56,1,N/A,0.3958850931677018,,0.42876497400306923,,0.5308641975308642,,0.4544283253842078,0.42876497400306923,-0.08210269424649214,82.82326527825131,17.176734721748687,0.29012345679012347,16.0,16.0,HOG + SVM,fixed synthetic grid point,descriptive only
hog,brightness_mild,brightness,mild,0.75,1,N/A,0.4259212836423297,,0.42082846606656127,,0.5308641975308642,,0.5878968253968254,0.42082846606656127,-0.05206650377186428,89.10714768393304,10.89285231606697,0.10493827160493827,6.0,6.0,HOG + SVM,fixed synthetic grid point,descriptive only
hog,brightness_moderate,brightness,moderate,0.5,1,N/A,0.39917409917409913,,0.3979889598937218,,0.5061728395061729,,0.5861577446943301,0.3979889598937218,-0.07881368824009483,83.51135942898058,16.48864057101942,0.19135802469135801,12.0,8.0,HOG + SVM,fixed synthetic grid point,descriptive only
hog,brightness_severe,brightness,severe,0.25,1,N/A,0.31818616409133654,,0.35109713919237723,,0.4691358024691358,,0.4070658970658971,0.35109713919237723,-0.1598016233228574,66.56784387999784,33.43215612000216,0.29012345679012347,22.0,12.0,HOG + SVM,fixed synthetic grid point,descriptive only
hog,jpeg_mild,jpeg,mild,75,1,N/A,0.43993944556380055,,0.432012872489063,,0.5308641975308642,,0.5889832246421394,0.432012872489063,-0.03804834185039341,92.03989247168293,7.960107528317062,0.13580246913580246,7.0,7.0,HOG + SVM,fixed synthetic grid point,descriptive only
hog,jpeg_moderate,jpeg,moderate,50,1,N/A,0.4544844047620853,,0.4391809248952106,,0.5370370370370371,,0.6291767310789048,0.4391809248952106,-0.023503382652108662,95.0828487105797,4.917151289420307,0.21604938271604937,12.0,13.0,HOG + SVM,fixed synthetic grid point,descriptive only
hog,jpeg_severe,jpeg,severe,25,1,N/A,0.2983252726410621,,0.31808218236789665,,0.41975308641975306,,0.3567156527682844,0.31808218236789665,-0.17966251477313183,62.41273950845785,37.58726049154215,0.3333333333333333,28.0,10.0,HOG + SVM,fixed synthetic grid point,descriptive only
lbp,clean,clean,clean,original_phase3_png,1,N/A,0.5924013467096828,,0.5727455965551204,,0.6111111111111112,,0.6703856328856329,0.5727455965551204,0.0,100.0,0.0,0.0,0.0,0.0,LBP + SVM,fixed synthetic grid point,descriptive only
lbp,gaussian_blur_mild,gaussian_blur,mild,0.75,1,N/A,0.5550302282030849,,0.5480931766646052,,0.5802469135802469,,0.6491412226706345,0.5480931766646052,-0.03737111850659791,93.6915878543888,6.3084121456111975,0.11728395061728394,9.0,4.0,LBP + SVM,fixed synthetic grid point,descriptive only
lbp,gaussian_blur_moderate,gaussian_blur,moderate,1.5,1,N/A,0.3719848528183329,,0.36883345930964984,,0.43209876543209874,,0.4729731379731379,0.36883345930964984,-0.22041649389134993,62.792708842478525,37.207291157521475,0.43209876543209874,39.0,10.0,LBP + SVM,fixed synthetic grid point,descriptive only
lbp,gaussian_blur_severe,gaussian_blur,severe,3.0,1,N/A,0.20307877536979704,,0.23915458439267964,,0.3148148148148148,,0.2856714037803105,0.23915458439267964,-0.3893225713398858,34.28060663564283,65.71939336435717,0.5740740740740741,58.0,10.0,LBP + SVM,fixed synthetic grid point,descriptive only
lbp,resolution_mild,resolution,mild,168,1,N/A,0.5308851139021916,,0.5192285668476145,,0.5555555555555556,,0.5615471946354299,0.5192285668476145,-0.06151623280749119,89.61578444256334,10.38421555743666,0.2654320987654321,17.0,8.0,LBP + SVM,fixed synthetic grid point,descriptive only
lbp,resolution_moderate,resolution,moderate,112,1,N/A,0.36442449681578054,,0.35591859639478685,,0.42592592592592593,,0.5930320150659134,0.35591859639478685,-0.22797684989390227,61.51648689522198,38.48351310477802,0.43209876543209874,41.0,11.0,LBP + SVM,fixed synthetic grid point,descriptive only
lbp,resolution_severe,resolution,severe,56,1,N/A,0.17510002500625155,,0.22314986600700884,,0.2962962962962963,,0.2922758824398169,0.22314986600700884,-0.41730132170343126,29.55766829005244,70.44233170994755,0.6172839506172839,64.0,13.0,LBP + SVM,fixed synthetic grid point,descriptive only
lbp,brightness_mild,brightness,mild,0.75,1,N/A,0.5612983267824824,,0.5432064408254885,,0.5802469135802469,,0.6472057272722146,0.5432064408254885,-0.031103019927200437,94.74967096210148,5.250329037898527,0.12962962962962962,8.0,3.0,LBP + SVM,fixed synthetic grid point,descriptive only
lbp,brightness_moderate,brightness,moderate,0.5,1,N/A,0.44433765759710764,,0.4377001305572734,,0.5308641975308642,,0.6227348371813927,0.4377001305572734,-0.14806368911257517,75.00618627304767,24.99381372695233,0.3271604938271605,25.0,12.0,LBP + SVM,fixed synthetic grid point,descriptive only
lbp,brightness_severe,brightness,severe,0.25,1,N/A,0.26204716336295286,,0.28754323278132804,,0.4012345679012346,,0.45486453201970445,0.28754323278132804,-0.33035418334672995,44.23473457959135,55.76526542040865,0.5123456790123457,44.0,10.0,LBP + SVM,fixed synthetic grid point,descriptive only
lbp,jpeg_mild,jpeg,mild,75,1,N/A,0.5122829443323156,,0.47943379371950795,,0.5370370370370371,,0.6353244556369556,0.47943379371950795,-0.08011840237736723,86.47565492172477,13.524345078275235,0.24074074074074073,18.0,6.0,LBP + SVM,fixed synthetic grid point,descriptive only
lbp,jpeg_moderate,jpeg,moderate,50,1,N/A,0.38464767938351846,,0.3883449002496622,,0.4691358024691358,,0.5166305916305917,0.3883449002496622,-0.20775366732616435,64.93025066872816,35.06974933127184,0.3950617283950617,35.0,12.0,LBP + SVM,fixed synthetic grid point,descriptive only
lbp,jpeg_severe,jpeg,severe,25,1,N/A,0.21838624338624343,,0.2693362193362194,,0.3888888888888889,,0.22151147626499737,0.2693362193362194,-0.37401510332343935,36.864575781133,63.135424218867,0.5061728395061729,48.0,12.0,LBP + SVM,fixed synthetic grid point,descriptive only
resnet18,clean,clean,clean,original_phase3_png,3,sample (ddof=1),0.8953144214810704,0.014117652330935615,0.9024760072379121,0.01747160939387869,0.8888888888888888,0.021383343303319504,0.894746734188861,0.9024760072379121,0.0,100.0,0.0,0.0,0.0,0.0,ResNet-18,fixed synthetic grid point,descriptive only
resnet18,gaussian_blur_mild,gaussian_blur,mild,0.75,3,sample (ddof=1),0.8910840544411789,0.02069348652867759,0.8971117066355162,0.012051708076474614,0.8868312757201645,0.01284979012016131,0.8926132660144135,0.8971117066355162,-0.004230367039891436,99.55739773293506,0.44260226706494726,0.04938271604938271,3.6666666666666665,3.3333333333333335,ResNet-18,fixed synthetic grid point,descriptive only
resnet18,gaussian_blur_moderate,gaussian_blur,moderate,1.5,3,sample (ddof=1),0.8220245679047246,0.018043618647158827,0.8189048458889728,0.009361130792794676,0.8209876543209877,0.012345679012345678,0.8578703612247005,0.8189048458889728,-0.07328985357634576,91.85004530976714,8.149954690232867,0.15020576131687244,17.0,6.0,ResNet-18,fixed synthetic grid point,descriptive only
resnet18,gaussian_blur_severe,gaussian_blur,severe,3.0,3,sample (ddof=1),0.633787728991378,0.032867828989711585,0.6301579666659033,0.015801482083666055,0.6769547325102879,0.030449894211828695,0.7938524525802987,0.6301579666659033,-0.26152669248969235,70.83347409312107,29.16652590687893,0.33127572016460904,42.333333333333336,8.0,ResNet-18,fixed synthetic grid point,descriptive only
resnet18,resolution_mild,resolution,mild,168,3,sample (ddof=1),0.8765565016970891,0.021513311646187205,0.8745153729280714,0.01500824696012165,0.8765432098765432,0.01851851851851849,0.8879968532975467,0.8745153729280714,-0.018757919783981336,97.94079207256432,2.0592079274356876,0.06584362139917695,6.0,4.0,ResNet-18,fixed synthetic grid point,descriptive only
resnet18,resolution_moderate,resolution,moderate,112,3,sample (ddof=1),0.8536107358743834,0.0278082293061349,0.8525115096543668,0.02063632032429889,0.8477366255144032,0.024947233853872722,0.8760986196793845,0.8525115096543668,-0.04170368560668699,95.3884383831188,4.611561616881196,0.11316872427983538,12.0,5.333333333333333,ResNet-18,fixed synthetic grid point,descriptive only
resnet18,resolution_severe,resolution,severe,56,3,sample (ddof=1),0.723203040187239,0.025957434841193068,0.7237140872061506,0.024084119948265162,0.7325102880658436,0.018858336193233932,0.8076760225507482,0.7237140872061506,-0.17211138129383144,80.81673965047439,19.183260349525604,0.24485596707818927,31.0,5.666666666666667,ResNet-18,fixed synthetic grid point,descriptive only
resnet18,brightness_mild,brightness,mild,0.75,3,sample (ddof=1),0.8827599064740466,0.018940719991070835,0.8724096597112468,0.02033747638352793,0.8724279835390947,0.031069277511402288,0.9007741794828766,0.8724096597112468,-0.01255451500702387,98.6089062769921,1.3910937230079077,0.07613168724279835,6.333333333333333,3.6666666666666665,ResNet-18,fixed synthetic grid point,descriptive only
resnet18,brightness_moderate,brightness,moderate,0.5,3,sample (ddof=1),0.8097824992002924,6.498946879725999e-05,0.7974106140772808,0.0190393397755168,0.8106995884773663,0.009429168096616935,0.8465987990714972,0.7974106140772808,-0.08553192228077795,90.46167191598575,9.538328084014255,0.1748971193415638,19.0,6.333333333333333,ResNet-18,fixed synthetic grid point,descriptive only
resnet18,brightness_severe,brightness,severe,0.25,3,sample (ddof=1),0.5263030419939386,0.0727308710039368,0.5087637524145461,0.08194679333600643,0.6069958847736626,0.06058613935940512,0.7722869648713422,0.5087637524145461,-0.36901137948713175,58.721955203800974,41.27804479619902,0.4012345679012346,53.333333333333336,7.666666666666667,ResNet-18,fixed synthetic grid point,descriptive only
resnet18,jpeg_mild,jpeg,mild,75,3,sample (ddof=1),0.8852167746487213,0.013598391726074218,0.8873515960817547,0.016884286060789743,0.8806584362139919,0.025699580240322616,0.8902434645661295,0.8873515960817547,-0.010097646832349075,98.87262827987342,1.1273717201265836,0.047325102880658436,4.0,2.6666666666666665,ResNet-18,fixed synthetic grid point,descriptive only
resnet18,jpeg_moderate,jpeg,moderate,50,3,sample (ddof=1),0.8633185718187925,0.0039851862452033645,0.8630675614802598,0.0034743380755634097,0.8580246913580246,0.0163317982164481,0.8730578388445173,0.8630675614802598,-0.0319958496622779,96.44252994479301,3.5574700552069984,0.07201646090534979,7.666666666666667,2.6666666666666665,ResNet-18,fixed synthetic grid point,descriptive only
resnet18,jpeg_severe,jpeg,severe,25,3,sample (ddof=1),0.822440377679944,0.02061051550020614,0.8037762355222674,0.015384795638154111,0.8106995884773663,0.018858336193233932,0.8605159560845191,0.8037762355222674,-0.07287404380112632,91.898535361926,8.101464638074026,0.1522633744855967,17.333333333333332,4.666666666666667,ResNet-18,fixed synthetic grid point,descriptive only
mobilenet_v3_small,clean,clean,clean,original_phase3_png,3,sample (ddof=1),0.8953207222549548,0.005977178505597876,0.9037647831298625,0.004202572440609018,0.882716049382716,0.006172839506172811,0.8901823794660486,0.9037647831298625,0.0,100.0,0.0,0.0,0.0,0.0,MobileNetV3-Small,fixed synthetic grid point,descriptive only
mobilenet_v3_small,gaussian_blur_mild,gaussian_blur,mild,0.75,3,sample (ddof=1),0.8785735818755384,0.02295829185628566,0.8865556548096231,0.020587585286541005,0.8703703703703703,0.02690678360210294,0.8756310892256827,0.8865556548096231,-0.01674714037941642,98.12612785855204,1.873872141447963,0.04526748971193415,4.0,2.0,MobileNetV3-Small,fixed synthetic grid point,descriptive only
mobilenet_v3_small,gaussian_blur_moderate,gaussian_blur,moderate,1.5,3,sample (ddof=1),0.8437739906690699,0.014293256976397297,0.8412522809348206,0.0059430396289116005,0.8374485596707819,0.023369993192593693,0.8708579201302856,0.8412522809348206,-0.051546731585885,94.24930736371898,5.750692636280996,0.11316872427983538,12.0,4.666666666666667,MobileNetV3-Small,fixed synthetic grid point,descriptive only
mobilenet_v3_small,gaussian_blur_severe,gaussian_blur,severe,3.0,3,sample (ddof=1),0.6543449631523638,0.04187119572649648,0.6570710888171205,0.032862944150683346,0.691358024691358,0.0163317982164481,0.7790084996731338,0.6570710888171205,-0.24097575910259103,73.07516280849052,26.924837191509468,0.2757201646090535,36.0,5.0,MobileNetV3-Small,fixed synthetic grid point,descriptive only
mobilenet_v3_small,resolution_mild,resolution,mild,168,3,sample (ddof=1),0.8790194970735902,0.019438169312154432,0.8841025523565206,0.01378763249942462,0.8662551440329218,0.023369993192593756,0.8817251836966498,0.8841025523565206,-0.016301225181364638,98.18058826124103,1.8194117387589763,0.06172839506172839,5.666666666666667,3.0,MobileNetV3-Small,fixed synthetic grid point,descriptive only
mobilenet_v3_small,resolution_moderate,resolution,moderate,112,3,sample (ddof=1),0.8615767100276867,0.013832448877128051,0.8614096368064622,0.008372700389257371,0.8497942386831275,0.01553463875570109,0.8809640225042701,0.8614096368064622,-0.03374401222726823,96.2332205566138,3.7667794433861927,0.09876543209876543,9.666666666666666,4.333333333333333,MobileNetV3-Small,fixed synthetic grid point,descriptive only
mobilenet_v3_small,resolution_severe,resolution,severe,56,3,sample (ddof=1),0.733371848857737,0.016644992377922448,0.7187914672041655,0.018136650405371692,0.7530864197530865,0.006172839506172867,0.8368144367311531,0.7187914672041655,-0.16194887339721786,81.90998438467004,18.090015615329964,0.2222222222222222,26.666666666666668,5.666666666666667,MobileNetV3-Small,fixed synthetic grid point,descriptive only
mobilenet_v3_small,brightness_mild,brightness,mild,0.75,3,sample (ddof=1),0.878432553300217,0.01655701426443471,0.8834612183818534,0.013067652993803221,0.8683127572016461,0.01553463875570114,0.8781747172112815,0.8834612183818534,-0.016888168954737808,98.11264968591257,1.8873503140874288,0.047325102880658436,4.0,1.6666666666666667,MobileNetV3-Small,fixed synthetic grid point,descriptive only
mobilenet_v3_small,brightness_moderate,brightness,moderate,0.5,3,sample (ddof=1),0.8581444876205699,0.005570570345760488,0.852420272261542,0.008403490573376636,0.8436213991769547,0.007127781101106523,0.8698594830316343,0.852420272261542,-0.03717623463438491,95.84782342519799,4.15217657480201,0.10082304526748971,10.333333333333334,4.0,MobileNetV3-Small,fixed synthetic grid point,descriptive only
mobilenet_v3_small,brightness_severe,brightness,severe,0.25,3,sample (ddof=1),0.6590879971600262,0.048045142200881026,0.6226841353825481,0.04467806206972813,0.7037037037037037,0.01633179821644806,0.7960514397329813,0.6226841353825481,-0.23623272509492857,73.5988016769793,26.40119832302069,0.3148148148148148,37.666666666666664,8.666666666666666,MobileNetV3-Small,fixed synthetic grid point,descriptive only
mobilenet_v3_small,jpeg_mild,jpeg,mild,75,3,sample (ddof=1),0.8724861467454175,0.006568622187647713,0.8821014376569932,0.015372378302120458,0.8559670781893004,0.0035638905505532615,0.8663029620367787,0.8821014376569932,-0.022834575509537342,97.4492386087955,2.550761391204507,0.06584362139917695,6.666666666666667,2.3333333333333335,MobileNetV3-Small,fixed synthetic grid point,descriptive only
mobilenet_v3_small,jpeg_moderate,jpeg,moderate,50,3,sample (ddof=1),0.8563406276180737,0.011472838918196266,0.8628534017422907,0.015032816775788988,0.839506172839506,0.012345679012345678,0.85489437501696,0.8628534017422907,-0.0389800946368812,95.64353502662776,4.356464973372243,0.0925925925925926,10.0,3.0,MobileNetV3-Small,fixed synthetic grid point,descriptive only
mobilenet_v3_small,jpeg_severe,jpeg,severe,25,3,sample (ddof=1),0.803678227039661,0.030335066765890737,0.7919485863930308,0.02556321061489533,0.8004115226337448,0.025699580240322633,0.8260971563909975,0.7919485863930308,-0.09164249521529393,89.76235126315935,10.237648736840658,0.14609053497942384,17.0,3.6666666666666665,MobileNetV3-Small,fixed synthetic grid point,descriptive only
